id,empresa,cnpj,cidade,estado,distancia_km_aracatuba,categoria,linha,produto_provavel,produto_secundario,justificativa_produto,potencial,consumo_estimado,tipo_operacao,o_que_fabrica_constroi,obras_atuais,comprador,telefone,whatsapp,email,site,endereco,fonte,data_pesquisa,ultimo_contato,status,proximo_contato,ultima_compra,crm,vendedor,situacao,proxima_acao,necessidade_identificada,motivo_prospect,abordagem,observacoes_comerciais,indicacao
ARA-001,"Medida Exata Comércio de Ferro e Aço","Não identificado",Araçatuba,SP,0,"Corte e dobra","Ferro para construção","SI 50 / CA-50 (reto, bobina, spooler) — VALIDAR NO CATÁLOGO nomenclatura SI vs CA","CA-60 / AC-SI 60; Treliças; Telas/malhas; Arame recozido; Fio-máquina","FATO: site lista vergalhão CA-50/CA-60, treliças, malha pop, arame recozido e serviço de corte+dobra+armação. Consome matéria-prima de construção para transformar em ferragem armada.",Alto,Alto,"Corte, dobra e armação + revenda atacado/varejo de aços construção","Ferragens armadas, sapatas/gaiolas, estribos sob medida","Não identificado (atende obras da região)","Não identificado — Provável Flávio (e-mail público flavio@medidaexata.net.br)","(18) 3608-8900","(18) 98184-0127",flavio@medidaexata.net.br,https://medidaexata.net.br/,"Av. Jorge Mellem Rezek, 3104 — Rosele — Araçatuba/SP","medidaexata.net.br; Facebook Medida Exata Ferro e Aço",08/09/2026,,"Sem retorno",,,"Sem cadastro",,Qualificado,"Ligar para compras: oferta CA-50/60 + treliças + telas; mapear volume mensal e fornecedor atual","Matéria-prima contínua para corte/dobra/armação","Única CD local com linha completa publicada; volume recorrente; porta de entrada para várias obras da cidade","Posicionar como fornecedor de matéria-prima (não competir no varejo da obra). Abrir com CA-50 bobina/reto + arame. Perguntar bitolas e volume mensal.","⭐ MULTIPRODUTO + MULTIOPORTUNIDADE. Também revende aço construção (concorrência parcial no varejo). Foco: ser o fornecedor da CD. Contato Facebook: +55 18 3608-8900 / 98184-0127.",
ARA-002,"Serv Aço",48.203.570/0001-05,Birigui,SP,20,"Corte e dobra","Ferro para construção","CA-50 / SI 50","CA-60; Treliças; Telas; Arame recozido","FATO: anuncia linha completa de aços construção + corte, dobra e armação sob medida; atende construtoras e lojas.",Alto,Alto,"Corte/dobra/armação + atacado/varejo","Ferragem armada, treliças, estribos, malhas","Não identificado","Não identificado","(18) 3021-2898 / (18) 3642-0439","(18) 99645-5802","Não identificado","Não identificado","Rua Benedito de Souza Guimarães, 120 — Residencial Eurico Caetano — Birigui/SP — CEP 16206-463","listamais.com.br/Serv Aço Birigui",08/09/2026,,"Sem retorno",,,Ativo,Hugo,Qualificado,"Visita Birigui junto com Saita; cotação CA-50/60 + treliças","Suprimento recorrente de vergalhão e treliças","CD ativa a 20 km; compra recorrente; atende construtoras de Birigui","Mesma lógica Medida Exata: matéria-prima + prazo. Comparar frete Araçatuba vs fornecedor atual.","Agrupar rota Araçatuba–Birigui. | Atualizado via indicação Paulo (xlsx).",Paulo
ARA-003,"Vivafer Ferro e Aço","Não identificado",Araçatuba,SP,0,"Corte e dobra","Ferro para construção","CA-50 / SI 50","Treliças; Arame; Estribos","FATO: site anuncia comércio de ferro para construções, vigas, sapatas, treliças, estribos e serviço de corte e dobra.",Médio,Médio,"Comércio + corte e dobra","Corte/dobra e fornecimento para obras","Não identificado","Não identificado","(18) 3441-1165 / (18) 3622-7001","Não identificado","Não identificado",https://vivafer.com.br/,"Araçatuba/SP (endereço completo não identificado no site)",vivafer.com.br,08/09/2026,,"Sem retorno",,,"Sem cadastro",,Qualificado,"Ligar; confirmar se processa vergalhão ou só revende; volume","Provável compra de vergalhão/treliças","CD/revenda local com telefone público e serviço de corte e dobra","Descobrir se compra direto de usina; oferecer CA-50 + treliças com frete local.","Pode ser concorrente no varejo — classificar após 1º contato.",
ARA-004,"Birisoldas Aço, Corte e Dobra",65.078.468/0001-44,Birigui,SP,20,"Corte e dobra","Ferro para construção","CA-50 / SI 50 — Provável — validar se atua em vergalhão ou chapa","CA-60; Telas; Treliças — VALIDAR","FATO: CNAE/registro como serviço de corte e dobra de metais; CNAEs secundários incluem estruturas metálicas e atacado de materiais de construção. ATENÇÃO: confirmar se é armadura (CD) ou chapa (M11).",Médio,Médio,"Corte e dobra (tipo a confirmar)","Serviço de corte e dobra de metais","Não identificado","Não identificado","Não identificado","Não identificado","Não identificado","Não identificado","Rua João Cortelazzi, 2106 — Vila Isabel Marin — Birigui/SP — CEP 16204-030","mestregeo.com.br CNPJ 65.078.468/0001-44",08/09/2026,,"Sem retorno",,,"Sem cadastro",,Qualificado,"Visita/telefone: confirmar se corta vergalhão (manter CD) ou chapa (reclassificar M11)","Validar tipo de aço processado","Empresa de corte e dobra em Birigui com capital social R$ 400 mil — potencial se for armadura","Pergunta aberta: 'vocês trabalham com vergalhão CA-50 ou com chapa?' Antes de ofertar.","Não classificar definitivamente como CD até validar. Datas de fundação em bases cadastrais inconsistentes — validar situação cadastral.",
ARA-005,"Lobisfer Ferro e Aço","Não identificado",Araçatuba,SP,0,Revenda,"Ferro para construção","CA-50 / SI 50 (revenda)","Treliças; Arame; Chapas — Provável — validar portfólio","FATO: listada como aço para construção civil no centro de Araçatuba.",Alto,Médio,"Distribuição/revenda de aço construção","Comércio de aço para construção","Não identificado","Não identificado","(18) 2102-5600","Não identificado","Não identificado","Não identificado","Rua Aguapeí, 299 — Centro — Araçatuba/SP — CEP 16010-500","guiatelefone.com; zapia.digital",08/09/2026,,"Sem retorno",,,"Sem cadastro",,Qualificado,"Incluir na rota: mapear compra atacado e possível parceria/indicação","N/A — concorrente de canal","Revenda local do mesmo segmento — priorizar abordagem de atacado","Abordar como prospect de atacado para revenda.","Potencial Alto (ex-concorrente de canal). Validar abordagem atacado/parceria.",
ARA-006,"TARRAF Incorporadora (obras Araçatuba)","67.041.095/0001-62 (matriz SJRP)",Araçatuba,SP,0,Construtora,"Ferro para construção","CA-50 / SI 50 — Provável via CD ou empreiteiro","Treliças; Telas; Arame recozido","FATO: múltiplos empreendimentos em Araçatuba (DECK 330, Almaviva, Opus One, Monjardin; Brasília Square VGV ~R$ 230 mi previsto 2026). Consumo de aço de armadura é alto em estrutura — mas comprador pode ser CD/empreiteiro, não a incorporadora.",Alto,Alto,"Incorporação e construção de edifícios","Residencial e mixed-use (Brasília Square)","DECK 330; Brasília Square (Av. Brasília, 2090 — lançamento); outros entregues/em andamento","Não identificado — Provável engenharia de obras / suprimentos matriz SJRP","(17) 4004-6655 / (17) 3354-1500","Não identificado",contato@tarraf.com.br,https://tarraf.com.br/,"Escritório Araçatuba: Av. Brasília, 2090 — SP 16015-645 | Matriz: Av. Juscelino K. de Oliveira, 2000 — SJRP","tarraf.com.br; aracatubafacts; lr1.com.br; LinkedIn TARRAF",08/09/2026,,"Sem retorno",,,"Sem cadastro",,Qualificado,"Visitar canteiro DECK 330 / Brasília Square: identificar placa de CD/fornecedor de aço; depois abordar CD ou suprimentos","Armadura para estruturas de edifícios — comprador oculto a mapear","Maior pipeline imobiliário ativo em Araçatuba; volume de aço significativo nas obras","NÃO ofertar direto sem mapear comprador. Abordagem: engenharia da obra → 'quem está fornecendo o aço?' → atacar CD/empreiteiro.","⭐ MULTIOPORTUNIDADE (obra + CD oculta). Sede compras pode ser SJRP (~140 km).",
ARA-007,"Pacaembu Construtora (obras Araçatuba)",96.298.013/0001-68,Araçatuba,SP,0,Construtora,"Ferro para construção","CA-50 / SI 50 — Provável via CD ou compra centralizada","Treliças; Telas; Arame","FATO: Residencial Campo Belo (771 casas, ~R$ 146 mi); Vida Nova Araçatuba Fase 3 em obras; >2.500 unidades na cidade. Casas MCMV consomem armadura de fundação/laje/cintas.",Alto,Alto,"Construtora/incorporadora habitacional","Residenciais de interesse social e casas","Campo Belo (Umuarama/Pinheiros); Vida Nova Fase 3 (Rua Duque de Caxias, 330 — Centro — status Em Obras)","Não identificado — Provável suprimentos regional (SJRP/Bauru) ou engenheiro de obra","0800 730 2020 / (11) 3236-4141","Não identificado",atendimento@pacaembu.com,https://pacaembu.com/,"Obra Vida Nova: Rua Duque de Caxias, 330 — Centro — Araçatuba/SP | Matriz Bauru/SP","pacaembu.com; Prefeitura Araçatuba; LinkedIn Pacaembu",08/09/2026,,"Sem retorno",,,"Sem cadastro",,Qualificado,"Visitar Vida Nova Fase 3 e Campo Belo: identificar fornecedor de aço/CD; contactar engenheiro residente","Armadura em escala para casas em série","Maior volume habitacional ativo na cidade; consumo recorrente por fase","Mapear comprador real (central vs obra). Oferecer kit obra: CA-50 + treliças + telas com logística de canteiro.","⭐ MULTIOPORTUNIDADE. Compras podem ser centralizadas fora de Araçatuba.",
ARA-008,"Ferreira Engenharia","Não identificado",Penápolis,SP,50,Construtora,"Ferro para construção","CA-50 / SI 50 — Provável — validar se compra direto","Treliças; Telas; Telha/coberturas em obras comerciais — Provável","FATO: construtora/incorporadora com obras em Araçatuba (Ferreira Hub, Central Park Tower/Aya) e Penápolis (Ferreira Liv); >100 obras no histórico.",Alto,Alto,"Incorporação, construção e desenvolvimento urbano","Residencial, comercial, shopping, hub multiuso","Ferreira Hub e empreendimentos em Araçatuba; Ferreira Liv em Penápolis","Não identificado","(18) 3654-2030","Não identificado",contato@ferreiraengenharia.com.br,https://ferreiraengenharia.com.br/,"Rua Vitor Antonio Janjácomo, 673 — Penápolis/SP — CEP 16306-522",ferreiraengenharia.com.br,08/09/2026,,"Sem retorno",,,"Sem cadastro",,Qualificado,"E-mail/telefone comercial + visita canteiro Hub Araçatuba","Aço de armadura e possivelmente coberturas/estruturas","Construtora regional com obras ativas em Araçatuba e sede a 50 km","Agendar com engenharia de obras; perguntar política de compra de aço (CD vs direto).","Sede Penápolis — combinar rota com outras visitas.",
ARA-009,"QCON Construtora e Incorporadora","Não identificado",Araçatuba,SP,0,Construtora,"Ferro para construção","CA-50 / SI 50 — Provável — validar","Treliças; Telas","FATO: construtora/incorporadora local com projetos residenciais e comerciais em Araçatuba.",Médio,Médio,"Construção e incorporação","Projetos residenciais, comerciais e de investimento","Não identificado no site — validar obras ativas","Não identificado","(14) 99832-0640","(14) 99832-0640",comercial@construtoraqcon.com.br,https://construtoraqcon.com.br/,"Av. Brasília, 2121 — Araçatuba/SP",construtoraqcon.com.br,08/09/2026,,"Sem retorno",,,"Sem cadastro",,Qualificado,"WhatsApp comercial: perguntar obras em andamento e quem compra aço","Armadura conforme pipeline de obras","Incorporadora local acessível; potencial médio se houver obra ativa","Contato direto WhatsApp; qualificar obra e estágio estrutural.","DDD 14 no telefone — confirmar se comercial atende Araçatuba.",
ARA-010,"Yama Engenharia","Não identificado",Araçatuba,SP,0,Construtora,"Ferro para construção","CA-50 / SI 50 — Provável — validar","Treliças; Arame","FATO: gestão/construção de residências de alto padrão em Araçatuba.",Médio,Baixo,"Engenharia / gestão de obras residenciais","Residências de alto padrão","Não identificado (portfólio genérico no site)","Não identificado","(18) 3625-1300","Não identificado",administrativo@yamaengenharia.com.br,https://yamaengenharia.com.br/,"R. Carlos Gomes, 239 — 5º andar, Sala 501 — Centro — Araçatuba/SP — CEP 16010-310",yamaengenharia.com.br,08/09/2026,,"Sem retorno",,,"Sem cadastro",,Qualificado,"Ligar: confirmar se compra aço ou só gerencia; obras ativas","Possível indicação de CD/fornecedor da obra","Obras residenciais alto padrão consomem aço; pode ser porta de indicação","Qualificar se compra ou indica. Volume unitário menor que Pacaembu/TARRAF.","Pode ser tratado como parceiro/indicação se não comprar direto.",
ARA-011,"Obra — Residencial Campo Belo (Pacaembu)","N/A — obra",Araçatuba,SP,0,Construtora,"Ferro para construção","CA-50; Treliças; Telas","Arame recozido","FATO: 771 casas MCMV, investimento ~R$ 146 mi; fundações e lajes consomem armadura em série.",Alto,Alto,"Canteiro habitacional","771 casas","Campo Belo — entre Umuarama e Pinheiros","Não identificado — engenheiro/mestre ou CD fornecedora","Não identificado (via Pacaembu)","Não identificado","Não identificado",https://www.aracatuba.sp.gov.br/noticias/araatuba-recebe-novo-residencial-com-771-casas-e-investimento-de-rs-146-milhes,"Área entre bairros Umuarama e Pinheiros — Araçatuba/SP","Prefeitura Municipal de Araçatuba",08/09/2026,,"Sem retorno",,,"Sem cadastro",,Qualificado,"Visita presencial ao canteiro: fotografar placas de fornecedores; falar com mestre de obras","Quem está fornecendo o aço dessa obra?","Obra de alto volume — cliente oculto (CD) pode ser mais valioso que a construtora","Investigação de canteiro, não pitch de catálogo.","Registro de obra para inteligência comercial; vincular a Pacaembu + CD descoberta.",
ARA-012,"Obra — Brasília Square by Tarraf","N/A — obra",Araçatuba,SP,0,Construtora,"Ferro para construção","CA-50; Treliças; Telas","Possível telha/fechamentos em fases posteriores — Provável — validar","FATO: mixed-use VGV ~R$ 230 mi; studios + salas comerciais; estrutura de edifício exige armadura significativa.",Alto,Alto,"Canteiro mixed-use","Studios, salas comerciais, uso misto","Brasília Square — Av. Brasília, 2090 — Jardim Nova Yorque (lançamento/previsão 2026)","Não identificado","Via TARRAF (17) 4004-6655","Não identificado",contato@tarraf.com.br,https://tarraf.com.br/,"Avenida Brasília, 2090 — Jardim Nova Yorque — Araçatuba/SP","lr1.com.br; aracatubafacts.com.br",08/09/2026,,"Sem retorno",,,"Sem cadastro",,Qualificado,"Monitorar início de estrutura; visitar canteiro quando houver armação","Fornecedor de aço da obra (a descobrir)","Maior lançamento TARRAF na cidade; timing de compra de aço a acompanhar","Acompanhar estágio; atacar na fase de fundação/estrutura.","Pode ainda estar em fase pré-obra; validar status real no local.",
ARA-013,"Obra — Vida Nova Araçatuba Fase 3 (Pacaembu)","N/A — obra",Araçatuba,SP,0,Construtora,"Ferro para construção","CA-50; Treliças","Telas; Arame","FATO: status 'Em Obras' no site Pacaembu; casas de interesse social.",Alto,Alto,"Canteiro habitacional","Casas interesse social — Fase 3","Em Obras — Vida Nova Araçatuba 3","Não identificado","Via Pacaembu 0800 730 2020","Não identificado",atendimento@pacaembu.com,https://pacaembu.com/imoveis-residenciais/vida-nova-aracatuba-fase-3,"Rua Duque de Caxias, nº 330 — Centro — Araçatuba/SP",pacaembu.com,08/09/2026,,"Sem retorno",,,"Sem cadastro",,Qualificado,"Visita canteiro esta semana — mapear fornecedor de aço","Armadura em andamento","Obra já em execução = consumo atual, não futuro","Canteiro primeiro; depois CD/suprimentos.","Melhor timing entre as obras Pacaembu (já em obras).",
ARA-014,ZBN,"64.822.810/0001-06 (e filiais)",Araçatuba,SP,0,Metalúrgica,"Carbono; Inox","Chapa quente; Bobina laminada a quente","Chapa inox / Bobina inox 304; Barras; Perfis","FATO: caldeiraria pesada + fundição + oxicorte CNC em chapas de grande porte; trabalha aço carbono e inox; parque 20.000 m²; pontes >50 t. Fluxo: chapa/bobina → oxicorte/caldeiraria → equipamentos industriais.",Alto,Alto,"Fundição, usinagem, caldeiraria, montagem industrial","Peças e equipamentos para sucroalcooleiro, mineração, alimentício, químico, energia","N/A — produção contínua sob encomenda","Cleyton ou Carla","Não identificado no site (formulário)","Não identificado","Não identificado no site",https://pcp.zbn.com.br/,"Rua Prof. Rubens Rego Fontão, 372/392 — Parque Industrial — CEP 16075-245 — Araçatuba/SP","pcp.zbn.com.br; mapaindustrial.com.br",08/09/2026,,"Sem retorno",,,Inativo,"Sem informação",Qualificado,"Visita presencial à fábrica; falar com compras: espessuras de chapa carbono e inox","Chapas carbono grossas + inox para caldeiraria","Maior transformador metal-mecânico local identificado; multiproduto; consumo recorrente","Abrir com chapa quente/oxicorte (necessidade óbvia). Segundo passo: inox 304. Levar tabela de espessuras.","⭐ MULTIPRODUTO + MULTIOPORTUNIDADE (M + I). Capital social ~R$ 6,7 mi nas bases. Alvo âncora do funil M. | Atualizado via indicação Paulo (xlsx).",Paulo
ARA-015,Passador,45.662.236/0001-21,Andradina,SP,100,Metalúrgica,"Carbono; Inox","Chapa quente; Bobina laminada a quente","Chapa inox 304/316; Tubo industrial; Galvanizado (quando aplicável)","FATO: caldeiraria pesada 50+ anos; plasma/oxicorte/laser; dobra; solda carbono/inox/alumínio; tanques; tubulações; galvanização a fogo própria; atende usinas. Fluxo: chapa → corte/dobra/caldeiraria → tanques/estruturas/tubulações.",Alto,Alto,"Caldeiraria pesada industrial","Tanques, dutos, estruturas, tubulações, steel deck, insertos, guarda-corpo","Atende usinas (incl. região Andradina/Raízen)",Líbero,"(18) 3722-3636","Não identificado","Não identificado",https://passador.ind.br/,"Av. Guanabara, 2419 — Stella Maris — Andradina/SP — CEP 16901-100",passador.ind.br,08/09/2026,,"Sem retorno",,,"Sem cadastro",,Qualificado,"Ligar + visita Andradina combinada com JBS/Raízen Gasa","Chapas carbono e inox para caldeiraria e usinas","Grande transformador com multiproduto e vínculo com sucroalcooleiro","Foco chapa quente espessas + inox. Mencionar capacidade de fornecimento para projetos de usina.","⭐ MULTIPRODUTO. Distância ~100 km — justificar com volume. | Atualizado via indicação Paulo (xlsx).",Paulo
ARA-016,Megatec,"48.429.823/0001-63 / 48.429.823/0010-54 (matriz/filial)",Araçatuba,SP,0,Metalúrgica,Carbono,"Chapa quente; Chapa fria","Tubo industrial; Metalon; Perfis U; Barra chata; Bobina","FATO: fabrica implementos agrícolas (transbordos, carrocerias canavieiras) com verticalização interna da estrutura. Fluxo: chapa/tubo/perfil → soldagem/estrutura → implemento.",Alto,Alto,"Fabricação de implementos agrícolas","Transbordos, implementos sucroalcooleiros e para grãos","N/A — linha de produção",Oseas,"(18) 2103-2021","Não identificado","contato@megatecindustria.com.br / atendimento@megatecindustria.com.br",https://www.megatecindustria.com.br/,"Rodovia Marechal Rondon, KM 527 — Araçatuba/SP — CEP 16018-805","megatecindustria.com.br; LinkedIn megatec.industria",08/09/2026,,"Sem retorno",,,"Sem cadastro",,Qualificado,"E-mail + visita: mapear espessuras de chapa e bitolas de tubo/metalon","Aço estrutural contínuo para implementos","Transformador verticalizado; vários grupos do catálogo; recorrência industrial","Abrir com chapa + metalon/tubo (kit implemento). Oferecer programação de fornecimento.","⭐ MULTIPRODUTO. Vizinha da Nestlé na Rondon — rota industrial. | Paulo: Indústria · Equipamentos | Atualizado via indicação Paulo (xlsx).",Paulo
ARA-017,"Estruturas Metálicas Saita",48.431.803/0001-27,Birigui,SP,20,Metalúrgica,Carbono,"Perfis U; Metalon; Tubo industrial","Chapa quente; Telha trapezoidal/ondulada; Cantoneiras; Barra chata","FATO: fabricação própria de estruturas metálicas desde 1979; galpões industriais e agrícolas; montagem completa. Fluxo: perfil/tubo/chapa → estrutura → galpão.",Alto,Alto,"Fabricação e montagem de estruturas metálicas","Galpões industriais, comerciais, armazéns agrícolas","Não identificado (produção sob demanda)","Não identificado","(18) 3642-3611","(18) 99639-7794","Não identificado",https://estruturametalicasaita.com.br/,"Rua Dr. Luiz de T. P. Sobrinho, 382 — Resid. Alvorada — Birigui/SP — CEP 16204-296",estruturametalicasaita.com.br,08/09/2026,,"Sem retorno",,,"Sem cadastro",,Qualificado,"WhatsApp: oferta perfis + metalon + telhas; visita com Serv Aço no mesmo dia","Perfis estruturais e coberturas para galpões","Fabricante de estruturas com 45+ anos; consumo de múltiplas linhas","Kit galpão: perfis U + metalon + telha trapezoidal/cumeeiras.","⭐ MULTIPRODUTO. Excelente aderência a coberturas do catálogo.",
ARA-018,"André Ferro e Aço",23.422.100/0001-01,Araçatuba,SP,0,Revenda,Carbono,"Bobina / Chapa (para revenda e corte)","Tubos; Metalon; Perfis U; Barras; Cantoneiras","FATO: distribui ferro e aço desde 2015; corte a laser, oxicorte, corte e dobra de chapas; vende chapas 1,20–100 mm, tubos, laminados, perfis. NÃO listou vergalhão CA — classificar como centro de serviço/distribuição, não CD de armadura.",Alto,Alto,"Distribuição + centro de serviço (corte laser/oxicorte/dobra de chapa)","Corta/dobra chapas; revende tubos, perfis, laminados",N/A,"Não identificado","(18) 3623-1770","(18) 3623-1770",vendas@andreferroeaco.com.br,https://andreferroeaco.com.br/,"Rua Dr. Francisco Vilela, 825 — Umuarama — Araçatuba/SP — CEP 16013-240",andreferroeaco.com.br,08/09/2026,,"Sem retorno",,,Inativo,Hugo,Qualificado,"Avaliar se há linha em que possam comprar (atacado) sem conflito; senão manter fora da rota","Compra de bobina/chapa para revenda — possível cliente atacado","Portfólio sobreposto (chapas, tubos, perfis, barras) + serviço de corte","Abordar com foco em venda atacado para centro de serviço.","Pode gerar indicação de clientes finais. Não confundir corte de chapa com CD de vergalhão. | Atualizado via indicação Paulo (xlsx).",Paulo
ARA-019,"Serralheria 5 Estrelas","Não identificado",Araçatuba,SP,0,Metalúrgica,Carbono,"Perfis / Barras / Kits para portas de enrolar — VALIDAR NO CATÁLOGO itens exatos","Metalon; Tubo 5""; Chapa; Barra chata","FATO: desde 1994 fabrica portas de enrolar automáticas/manuais, portões basculantes e estruturas. Fluxo: perfil/barra/chapa → porta/portão.",Alto,Médio,"Serralheria industrial/comercial — portas e portões","Portas de enrolar, portões, escadas, grades, estruturas","Não identificado","Não identificado","(18) 99746-6694","(18) 99746-6694","Não identificado (site tem formulário)",https://www.serralheria5estrelas.com.br/,"Av. Odorindo Perenha, 892 — Umuarama — Araçatuba/SP — CEP 16013-230",serralheria5estrelas.com.br,08/09/2026,,"Sem retorno",,,"Sem cadastro",,Qualificado,"WhatsApp: ofertar linha portas de enrolar (perfis, barras, kits, tubo 5"")","Matéria-prima para portas de enrolar e portões","Aderência direta à linha Portas de Enrolar do catálogo","Abrir com kit porta de enrolar. Segundo produto: metalon para portões.","⭐ MULTIPRODUTO na linha de portas/portões. Vizinha da Estruturas Metálicas Araçatuba.",
ARA-020,"Fenasi Indústria e Comércio de Artefatos de Aço",51.093.318/0001-03,Araçatuba,SP,0,Metalúrgica,Carbono,"Metalon; Perfis U; Tubo industrial","Chapa; Telha; Cantoneiras","FATO: desde 1977/1979 fabrica estruturas metálicas, mezaninos, portões; CNAE serralheria e montagem de estruturas.",Médio,Médio,"Estruturas metálicas e serralheria","Estruturas, mezaninos, portões, coberturas","Não identificado","Não identificado","(18) 3623-4692","Não identificado",emodelo@ig.com.br,"Não identificado","Rua América do Sul, 1077 — Jardim Brasília — Araçatuba/SP — CEP 16025-600","listamais.com.br; diariocidade.com; guiadocnpj",08/09/2026,,"Sem retorno",,,"Sem cadastro",,Qualificado,"Ligar: volume mensal de metalon/perfis","Aço para estruturas e serralheria","Transformador estabelecido há décadas; consumo de perfis/tubos","Oferta metalon + perfis U + chapa.","E-mail parece antigo — preferir telefone.",
ARA-021,"Estruturas Metálicas Araçatuba",12.671.264/0001-56,Araçatuba,SP,0,Metalúrgica,Carbono,"Metalon; Perfis U; Tubo","Chapa; Cantoneiras","FATO: CNAE fabricação de estruturas metálicas; EPP ativa.",Médio,Médio,"Fabricação de estruturas metálicas","Estruturas metálicas","Não identificado","Não identificado (sócios públicos: Rogerio Augusto Massarente; Gabriely Guimaraes Pedroso)","Não identificado","Não identificado","Não identificado","Não identificado","Av. Odorindo Perenha, 880 — Umuarama — Araçatuba/SP — CEP 16013-230",mestregeo.com.br,08/09/2026,,"Sem retorno",,,"Sem cadastro",,Qualificado,"Buscar telefone no Maps e visitar (mesma rua da 5 Estrelas)","Provável metalon/perfis","Fabricante local de estruturas; endereço no polo Umuarama","Visita a frio no cluster Umuarama (Odorindo Perenha).","Porte pequeno/EPP — potencial Médio.",
ARA-022,"Pratesfer Estruturas Metálicas e Serralheria","Não identificado",Araçatuba,SP,0,Metalúrgica,Carbono,"Metalon; Tubo; Chapa","Perfis; Barras","FATO: listada como estruturas metálicas e serralheria em Araçatuba.",Baixo,Baixo,"Serralheria / estruturas","Estruturas e serviços de serralheria","Não identificado","Não identificado","(18) 3301-6191","Não identificado","Não identificado","Não identificado","Rua Joaquim Murtinho, 55 — São Joaquim / Vila Estádio — Araçatuba/SP",serralherias.net,08/09/2026,,"Sem retorno",,,"Sem cadastro",,Qualificado,"Ligar apenas após esgotar leads A","Provável metalon/chapa em baixo volume","Serralheria local — volume provavelmente baixo","Qualificar volume antes de visitar.","Prioridade C.",
ARA-023,"Noroagro Truck Center","Não identificado",Araçatuba,SP,0,Metalúrgica,Carbono,"Chapa; Tubo; Metalon — Provável — validar","Barra chata; Perfis","FATO: manutenção/reforma/adaptação de implementos agrícolas e industriais; alongamento de chassi; reformas de baú/canavieira/transbordo. Consome aço em reformas (menor que fabricante OEM).",Médio,Médio,"Reforma e adaptação de implementos","Reformas de implementos agrícolas/rodoviários",N/A,"Não identificado","(18) 3623-9049","Não identificado","Não identificado",https://noroagro.com.br/,"Araçatuba/SP (matriz); filiais Andradina, Lins, Barra do Garças",noroagro.com.br,08/09/2026,,"Sem retorno",,,"Sem cadastro",,Qualificado,"Ligar: mapear compra de chapa/tubo para reformas","Aço para reformas de implementos","Consumo recorrente em reformas; rede regional","Oferta chapa + tubo com entrega rápida (urgencia de oficina).","Volume tende a ser menor que Megatec (OEM).",
ARA-024,"Ata Inox / Atainox","Não identificado",Araçatuba,SP,0,Metalúrgica,Inox,"Chapa inox 304; Bobina inox","Inox 430; Acabamentos 2B/N4; Tiras; Blanks; Filmes","FATO: fabrica equipamentos e peças em aço inox para frigoríficos, restaurantes, supermercados. Fluxo: chapa/bobina inox → equipamento. Liga típica alimentícia: 304 (Provável — validar).",Alto,Médio,"Fabricação de equipamentos em inox","Equipamentos e peças de aço inox",N/A,"Não identificado","(18) 3625-8730 / (18) 99736-1893","(18) 99736-1893","atainox@atainox.com / ccontato@atainox.com",https://atainox.com/,"Rua América do Sul, 1022 — Jardim Brasília — Araçatuba/SP — CEP 16025-600","atainox.com; listagens locais",08/09/2026,,"Sem retorno",,,"Sem cadastro",,Qualificado,"WhatsApp: perguntar ligas (304/430), espessuras e formato (chapa/bobina/blank)","Inox para fabricação de equipamentos","Comprador direto de inox com transformação; aderência total ao catálogo inox","Abrir com 304 2B + filme. Segundo: 430 e N4 escovado. Levar amostras de acabamento se possível.","⭐ MULTIPRODUTO (linhas inox). Alvo âncora do funil I.",
ARA-025,"AISI Indústria e Comércio de Equipamentos em Aço Inox",32.914.253/0001-67,Araçatuba,SP,0,Metalúrgica,Inox,"Chapa inox 304","Inox 430; Tiras; Blanks","FATO: razão social e CNAEs de usinagem/solda e esquadrias; foco equipamentos em aço inox.",Médio,Médio,"Usinagem, solda e equipamentos inox","Equipamentos e serviços em aço inox",N/A,"Não identificado","Não identificado","Não identificado","Não identificado","Não identificado","Vila Industrial — Araçatuba/SP — CEP 16072-100","databrasil.net CNPJ 32.914.253/0001-67",08/09/2026,,"Sem retorno",,,"Sem cadastro",,Qualificado,"Localizar telefone Maps; visitar cluster Vila Industrial com Inox e Cia","Inox para fabricação/solda","Fabricante local de equipamentos inox","Qualificar ligas e consumo mensal.","Fundada 2019 — porte a validar.",
ARA-026,"Inox e Cia Equipamentos e Serviços","Não identificado",Araçatuba,SP,0,Metalúrgica,Inox,"Chapa inox 304 — Provável — validar","430; Filmes; Acabamentos","FATO: listada como aço inoxidável / equipamentos e serviços; avaliações de peças e acabamento.",Médio,Baixo,"Equipamentos e serviços em inox","Peças/equipamentos em inox",N/A,"Provável — Maurício (citado em avaliação pública)","(18) 3625-9720","(18) 99623-0210","Não identificado","Não identificado","Rua Manoel Antônio Monteiro, 48 — Vila Industrial — Araçatuba/SP — CEP 16072-100",listamais.com.br,08/09/2026,,"Sem retorno",,,"Sem cadastro",,Qualificado,"WhatsApp: oferta 304 2B","Inox para serviços/equipamentos","Consumidor local de inox com contato WhatsApp","Amostra/preço 304; perguntar espessuras mais usadas.","Volume provavelmente menor que Ata Inox.",
ARA-027,"Brazzatti Inox","Não identificado",Araçatuba,SP,0,Metalúrgica,Inox,"Chapa inox 304 — Provável — validar","430; N4","FATO: listada como aço inoxidável; avaliações mencionam peças produzidas.",Médio,Baixo,"Produção de peças em inox","Peças em inox",N/A,"Não identificado","(18) 99787-3677","(18) 99787-3677","Não identificado","Não identificado","Rua Canjiro Takebe, 383 — Palmeiras — Araçatuba/SP — CEP 16071-205",listamais.com.br,08/09/2026,,"Sem retorno",,,"Sem cadastro",,Qualificado,"WhatsApp curto: ligas e espessuras","Inox para peças","Fabricante local de peças inox","Qualificar consumo antes de visita.","Lead B/C conforme volume.",
ARA-028,"Metalúrgica Plasminox","Não identificado",Araçatuba,SP,0,Metalúrgica,Inox,"Chapa inox 304","Bobina; Tiras","FATO: metalúrgica listada em aço inoxidável — nome indica especialização inox.",Médio,Médio,"Metalúrgica inox","Produtos/serviços em inox (detalhe a validar)",N/A,"Não identificado","(18) 3608-3008","(18) 99726-4764","Não identificado","Não identificado","Rua Clibas de Almeida Prado, 1710 — Presidente — Araçatuba/SP — CEP 16072-605",listamais.com.br,08/09/2026,,"Sem retorno",,,"Sem cadastro",,Qualificado,"Ligar: confirmar processos e consumo","Inox para metalurgia","Metalúrgica especializada em inox","Mapear ligas e formatos.",,
ARA-029,"Aquinox Indústria e Comércio","Não identificado",Araçatuba,SP,0,Metalúrgica,Inox,"Chapa inox — Provável — validar","304; 430","FATO: listada no Parque Industrial como aço inoxidável.",Médio,Baixo,"Indústria/comércio inox","Não detalhado publicamente",N/A,"Não identificado","(18) 98153-4682","(18) 98153-4682","Não identificado","Não identificado","Rua Brigadeiro Faria Lima, 7671 — Parque Industrial Maria Isabel — Araçatuba/SP — CEP 16080-751",listamais.com.br,08/09/2026,,"Sem retorno",,,"Sem cadastro",,Qualificado,"WhatsApp: qualificar se fabrica ou só comercializa","Validar se compra inox para transformar ou revende","Nome/listagem inox no parque industrial — precisa qualificação","Descobrir se é fabricante (I) ou revenda (R2/concorrente).","Se for só revenda de inox, qualificar como prospect de canal/atacado.",
ARA-030,"Nestlé Brasil — Unidade Araçatuba",60.409.075/0029-53,Araçatuba,SP,0,Indústria,"Carbono; Inox","Chapa inox 304 — Provável para manutenção/ampliação — validar","Tubulações industriais via caldeiraria contratada; 316 se processo exigir — VALIDAR","FATO: fábrica de laticínios (CNAE 1052-0/00) na Rondon Km 531. Processos lácteos exigem superfícies sanitárias em inox. Compra pode ser: (a) MRO via compras corporativas; (b) via caldeirarias contratadas (ZBN etc.).",Alto,Alto,"Indústria de laticínios","Produtos lácteos","Não identificado","Não identificado — Provável compras industriais / facilities","(18) 3631-6111 / (11) 5508-4400","Não identificado","Não identificado (unidade)","Não identificado (corporativo nestle.com.br)","Rodovia Marechal Rondon, KM 531 — Iporã — Araçatuba/SP — CEP 16021-900","Receita/CNPJ bases; Cliquei Achei; ruacep",08/09/2026,,"Sem retorno",,,"Sem cadastro",,Qualificado,"Mapear via ZBN/caldeirarias quem atende a Nestlé; LinkedIn compras da unidade","Inox sanitário — canal de compra a descobrir","Grande indústria alimentícia local com justificativa clara de inox","Difícil acesso direto. Estratégia: (1) fornecedor de caldeiraria que atende a planta; (2) cadastro de fornecedores MRO.","⭐ MULTIOPORTUNIDADE (I + caldeirarias). Não presumir compra direta de bobina.",
ARA-031,"JBS — Unidade Andradina","Não identificado (unidade)",Andradina,SP,100,Indústria,"Carbono; Inox","Chapa inox 304 — Provável via manutenção/projetos — validar","Equipamentos via fabricantes inox; tubulações","FATO: frigorífico exportador habilitado (ex.: Indonésia); ambiente de proteína animal exige inox sanitário. Compra tipicamente corporativa ou via contratadas.",Alto,Alto,"Frigorífico / abate bovino","Processamento de carne bovina","Não identificado","Não identificado — Provável compras JBS corporativo ou manutenção local","Não identificado","Não identificado","Não identificado",https://www.jbs.com.br/,"Andradina/SP (unidade frigorífica)","andravirtual.com.br; IEA-SP histórico regional",08/09/2026,,"Sem retorno",,,"Sem cadastro",,Qualificado,"Rota Andradina: Passador + JBS — mapear contratadas de caldeiraria inox","Inox para planta frigorífica","Grande consumidor potencial de inox sanitário na região","Indireta via Passador/Ata Inox que atendem frigoríficos; ou portal de fornecedores JBS.","Acesso difícil; alto potencial se entrar na cadeia de manutenção.",
ARA-032,"Raízen — Parque de Bioenergia Gasa (Andradina)","Não identificado (filial)",Andradina,SP,100,Indústria,"Carbono; Inox","Chapa quente / estruturas — Provável via contratadas — validar","Inox para processos; Tubos; Perfis","FATO: usina sucroalcooleira Raízen Gasa em Andradina (UDOP/CFA); projetos E2G/ampliações históricos. Manutenção e projetos consomem aço carbono e inox, geralmente via caldeirarias (ex.: Passador).",Alto,Alto,"Usina de açúcar e etanol","Açúcar, etanol (incl. projetos E2G)","Histórico de investimentos E2G — validar status atual","Não identificado","Não identificado","Não identificado","Não identificado",https://www.raizen.com.br/,"Rod. Acesso a UHE Três Irmãos — Fazenda Guanabara — Zona Rural — Andradina/SP — CEP 16900-970","udop.com.br Gasa; SMA/SP CFA; Gazeta da Região (E2G)",08/09/2026,,"Sem retorno",,,"Sem cadastro",,Qualificado,"Entrar via Passador/ZBN (fornecedores da usina) ou portal de fornecedores Raízen","Aço para manutenção e projetos industriais (inox em processo)","Âncora sucroalcooleira regional; puxa demanda de caldeirarias","Estratégia indireta: virar fornecedor das caldeirarias que atendem a usina.","⭐ MULTIOPORTUNIDADE. Cliente oculto = caldeiraria. Cluster Raízen noroeste.",
ARA-033,"Raízen — Parque de Bioenergia Destivale (Araçatuba)","Não identificado (filial)",Araçatuba,SP,0,Indústria,"Carbono; Inox","Chapa / estruturas via contratadas — Provável — validar","Inox para processo; Tubos","FATO: UDOP/Raízen — Parque de Bioenergia Destivale em Araçatuba; usina ativa CFA. Manutenção industrial consome aço carbono e inox via contratadas.",Alto,Alto,"Usina sucroalcooleira",Açúcar/etanol,"Operação contínua — validar projetos","Não identificado","(18) 3607-5200","Não identificado","Não identificado",https://www.raizen.com.br/,"Rod. Eliezer Montenegro Magalhães, Km 58 — Zona Rural — Araçatuba/SP — CEP 16080-603","udop.com.br Destivale; raizen.com endereços",08/09/2026,,"Sem retorno",,,"Sem cadastro",,Qualificado,"Mapear contratadas via ZBN/Passador; cadastro portal Raízen","Manutenção industrial (chapa + inox)","Usina local — demanda puxada por caldeirarias","Indireta via ZBN/Megatec/Passador; não cold call genérico na portaria.","⭐ MULTIOPORTUNIDADE. Prioridade máxima no cluster local.",
ARA-034,"Aralco / Figueira — Unidade Alcoazul",08.391.345/0003-97,Araçatuba,SP,0,Indústria,"Carbono; Inox","Chapa / estruturas via contratadas — Provável — validar","Inox para processo","FATO: site aralco.com.br — Unidade Alcoazul em Araçatuba; moagem ~2,2 mi t/ano; etanol + açúcar; listada CFA 2025.",Alto,Alto,"Usina de açúcar e etanol (Grupo Aralco)","Etanol (~800 mil L/dia) e açúcar (~400 t/dia)","Operação contínua — validar reformas","Não identificado","(18) 3607-2900","Não identificado",contato@aralco.com.br,https://www.aralco.com.br/,"Rodovia Caram Rezek, S/N — Bairro Córrego Azul — Araçatuba/SP — CEP 16078-095","aralco.com.br/unidades; SMA/SP CFA maio/2025",08/09/2026,,"Sem retorno",,,"Sem cadastro",,Qualificado,"E-mail contato@aralco.com.br + mapear caldeirarias que atendem o grupo","Aço para manutenção de usina (inox em processo)","Usina local do Grupo Aralco — demanda de manutenção","Indireta via caldeirarias; ou cadastro de fornecedor Aralco.","Cluster Aralco: Alcoazul + Aracanguá + Generalco + Figueira Buritama.",
ARA-035,"Frigorífico Better Beef","05.826.986/0017-34 (filial listada); filial Rancharia 05.826.986/0002-58",Araçatuba,SP,0,Indústria,Inox,"Chapa inox 304 — Provável — validar","Equipamentos via fabricantes inox","FATO: frigorífico listado em bases industriais de Araçatuba — ambiente de proteína exige inox.",Médio,Médio,Frigorífico,"Processamento de carne","Não identificado","Não identificado","Não identificado","Não identificado","Não identificado","Não identificado","Araçatuba/SP (Parque Industrial — validar endereço)",mapaindustrial.com.br,08/09/2026,,"Sem retorno",,,"Sem cadastro",,Qualificado,"Confirmar se unidade opera; telefone; canal de manutenção","Inox sanitário se planta ativa","Frigorífico local — justificativa de inox se ativo","Validar operação antes de ofertar.","Histórico regional de frigoríficos com aberturas/fechamentos — validar. | Indicação Paulo: unidade Rancharia (CNPJ …0002-58). | Atualizado via indicação Paulo (xlsx).",Paulo
ARA-036,"Rodriaco Indústria e Comércio de Ferro e Aço","Não identificado",Araçatuba,SP,0,Revenda,"Ferro para construção","Linha construção/chapas — Provável portfólio concorrente","Não identificado","FATO: listada como indústria e comércio de ferro e aço.",Alto,Médio,"Comércio/indústria de ferro e aço","Distribuição de aço",N/A,"Não identificado","Não identificado","Não identificado","Não identificado","Não identificado","Rua Brigadeiro Faria Lima, 7787 — Araçatuba/SP",infoisinfo-br,08/09/2026,,"Sem retorno",,,"Sem cadastro",,Qualificado,"Mapear portfólio; não priorizar vendas",N/A,"Distribuidor local — conflito de canal","Abordar como prospect (atacado/share of wallet).","Mesmo eixo da Aquinox na Faria Lima.",
ARA-037,"IMF — Indústria Metalúrgica Fabrão",72.845.076/0001-29,Araçatuba,SP,0,Metalúrgica,Carbono,"Chapa; Bobina — Provável — validar processo","Tubo; Barras; Metalon — Provável — validar","FATO: metalúrgica listada entre as maiores indústrias locais (capital social ~R$ 11 mi). Transformação metalúrgica implica compra de aço — tipo exato a validar.",Alto,Alto,"Indústria metalúrgica","Produtos metalúrgicos (detalhe a mapear)",N/A,"Não identificado","Não identificado","Não identificado","Não identificado","Não identificado",Araçatuba/SP,mapaindustrial.com.br,08/09/2026,,"Sem retorno",,,"Sem cadastro",,Qualificado,"Descobrir endereço/telefone e produto final (matéria-prima → produto)","Validar linha de aço consumida","Metalúrgica de porte relevante na cidade","Primeiro entender o que fabricam; depois ofertar linha aderente.","Prioridade alta se confirmar transformação de bobina/chapa.",
ARA-038,"Ata Rodrifer Estruturas Metálicas","Não identificado",Araçatuba,SP,0,Metalúrgica,Carbono,"Metalon; Perfis U; Tubo","Chapa; Telha","FATO: listada em bases locais entre fabricantes de estruturas metálicas de Araçatuba.",Médio,Médio,"Estruturas metálicas","Estruturas metálicas","Não identificado","Não identificado","Não identificado","Não identificado","Não identificado","Não identificado",Araçatuba/SP,"mestregeo listagens estruturas metálicas Araçatuba",08/09/2026,,"Sem retorno",,,"Sem cadastro",,Qualificado,"Localizar no Google Maps e qualificar","Perfis/tubos para estruturas","Fabricante de estruturas — compra aço para transformar","Kit estrutura: metalon + perfil U + telha.","Lead B até confirmar porte.",
ARA-039,"Art Ferro Metalúrgica","Não identificado",Araçatuba,SP,0,Metalúrgica,Carbono,"Chapa; Metalon — Provável — validar","Barras; Tubo","FATO: listada entre metalúrgicas/estruturas de Araçatuba.",Baixo,Baixo,Metalúrgica,"Artefatos/estruturas — validar","Não identificado","Não identificado","Não identificado","Não identificado","Não identificado","Não identificado",Araçatuba/SP,"mestregeo listagens",08/09/2026,,"Sem retorno",,,"Sem cadastro",,Qualificado,"Busca Maps + telefone",Validar,"Nome sugere transformação de ferro/aço","Qualificar antes de ofertar.","Lead não qualificado até responder perguntas 1–3.",
ARA-040,"Metalbens Estruturas Metálicas","Não identificado",Araçatuba,SP,0,Metalúrgica,Carbono,"Metalon; Perfis; Tubo","Chapa; Telha","FATO: listada como fabricação de estruturas metálicas em Araçatuba.",Médio,Médio,"Estruturas metálicas","Estruturas metálicas","Não identificado","Não identificado","Não identificado","Não identificado","Não identificado","Não identificado",Araçatuba/SP,"mestregeo listagens",08/09/2026,,"Sem retorno",,,"Sem cadastro",,Qualificado,"Localizar e ligar","Aço estrutural","Transformador de aço em estruturas","Oferta perfis + metalon.",,
ARA-041,"Sim Metálica","Não identificado",Araçatuba,SP,0,Metalúrgica,Carbono,"Metalon; Perfis",Chapa,"FATO: listada entre fabricantes de estruturas metálicas em Araçatuba.",Baixo,Baixo,"Estruturas metálicas","Estruturas metálicas","Não identificado","Não identificado","Não identificado","Não identificado","Não identificado","Não identificado",Araçatuba/SP,"mestregeo listagens",08/09/2026,,"Sem retorno",,,"Sem cadastro",,Qualificado,"Busca Maps",Validar,"Nome no segmento de estruturas","Qualificar porte.","Lead não qualificado plenamente.",
ARA-042,"TZB Estruturas","Não identificado",Araçatuba,SP,0,Metalúrgica,Carbono,"Metalon; Perfis U","Tubo; Chapa","FATO: listada entre fabricantes de estruturas metálicas em Araçatuba.",Médio,Médio,"Estruturas metálicas",Estruturas,"Não identificado","Não identificado","Não identificado","Não identificado","Não identificado","Não identificado",Araçatuba/SP,"mestregeo listagens",08/09/2026,,"Sem retorno",,,"Sem cadastro",,Qualificado,"Localizar contato","Aço estrutural","Fabricante de estruturas","Qualificar e ofertar perfis.",,
ARA-043,"Serralheria Criativa — Portas de Enrolar","Não identificado",Araçatuba,SP,0,Metalúrgica,Carbono,"Perfis / Barras / Kits portas de enrolar — VALIDAR NO CATÁLOGO","Tubo 5""; Metalon; Chapa","FATO: listada em guias locais como fabricação e manutenção de portas de enrolar automáticas e mecânicas.",Médio,Médio,"Fabricação de portas de enrolar","Portas de enrolar e portões","Não identificado","Não identificado","Não identificado","Não identificado","Não identificado","Não identificado",Araçatuba/SP,"guiafix.com.br serralheiros Araçatuba",08/09/2026,,"Sem retorno",,,"Sem cadastro",,Qualificado,"Localizar telefone; ofertar linha portas de enrolar","Matéria-prima para portas de enrolar","Aderência direta à linha Portas de Enrolar","Mesma da 5 Estrelas: kit porta de enrolar.","Comparar volume com Serralheria 5 Estrelas.",
ARA-044,"Obra — DECK 330 (TARRAF)","N/A — obra",Araçatuba,SP,0,Construtora,"Ferro para construção","CA-50; Treliças; Telas","Arame recozido","FATO: empreendimento residencial TARRAF em Araçatuba com incorporação registrada; consome armadura conforme estágio estrutural.",Alto,Alto,"Canteiro residencial vertical","Apartamentos DECK 330","DECK 330 — TARRAF","Não identificado","Via TARRAF (17) 4004-6655","Não identificado",contato@tarraf.com.br,https://tarraf.com.br/empreendimentos/deck-330,"Araçatuba/SP (consultar memorial/stand TARRAF)",tarraf.com.br,08/09/2026,,"Sem retorno",,,"Sem cadastro",,Qualificado,"Visitar canteiro/stand; identificar estágio e fornecedor de aço","Armadura da obra","Obra vertical ativa/recente da maior incorporadora na cidade","Investigação de canteiro → CD oculta.","Validar se estrutura já foi concluída antes de priorizar.",
ARA-045,"Empreiteiras / CDs ocultas das obras Pacaembu e TARRAF","Não identificado",Araçatuba,SP,0,"Corte e dobra","Ferro para construção","CA-50; CA-60; Treliças; Telas","Arame recozido; Fio-máquina","INFERÊNCIA: grandes obras habitacionais e verticais tipicamente contratam CD regional. Medida Exata e Serv Aço são candidatos; pode haver outras. Lead-placeholder para inteligência de canteiro.",Alto,Alto,"Corte e dobra atendendo grandes construtoras","Armaduras para obras Pacaembu/TARRAF/Ferreira","Campo Belo; Vida Nova 3; DECK 330; Brasília Square; Hub Ferreira","Não identificado","Não identificado","Não identificado","Não identificado",N/A,"A descobrir via canteiros","Metodologia do projeto — investigação de obras",08/09/2026,,"Sem retorno",,,"Sem cadastro",,Qualificado,"Em cada canteiro: anotar placa/fornecedor de aço; cruzar com Medida Exata/Serv Aço/Vivafer","Quem fornece o aço das grandes obras","Cliente oculto de maior valor potencial no funil construção","Inteligência de campo, não cold call genérico.","Registro metodológico. Substituir por empresa real assim que identificada.",
ARA-046,"APC do Brasil (unidade Araçatuba)",04.310.390/0004-08,Araçatuba,SP,0,Indústria,Carbono,"Inox / chapas — Provável baixo — validar se processo exige","Não presumir inox sem validação","FATO: indústria de preparação de subprodutos do abate (capital alto). Contato com ambiente agroindustrial — inox só se houver linha sanitária. NÃO presumir compra de inox.",Baixo,Baixo,"Subprodutos do abate","Subprodutos animais",N/A,"Não identificado","Não identificado","Não identificado","Não identificado","Não identificado",Araçatuba/SP,"mapaindustrial.com.br alimentos Araçatuba",08/09/2026,,"Sem retorno",,,"Sem cadastro",,Qualificado,"Só avançar se houver evidência de linha com inox/caldeiraria","Sem justificativa clara de inox ainda","Indústria agro — possível mas não comprovado consumo de inox","Não ofertar inox sem validação. Lead não qualificado para I até haver justificativa.","Incluído para não ignorar; classificação cautelosa conforme regras.",
ARA-047,"Tornofer Indústria e Comércio de Metais",01.985.314/0001-53,"São José do Rio Preto",SP,135,"Corte e dobra",Carbono,"Chapa aço carbono; Bobina laminada","Aço inox; Aços especiais (1020/1045/4140); Latão — Provável — validar consumo","FATO: corte a laser (Hans Laser 20–30 kW), dobra CNC, oxicorte; fornece matéria-prima ou só mão de obra; atende raio ~300 km a partir de SJRP.",Alto,Alto,"Centro de serviço — corte laser/dobra + comercialização de metais","Peças cortadas/dobradas sob encomenda","N/A — produção sob demanda","Não identificado","(17) 3234-3734 / (17) 3234-6360","Não identificado","Não identificado",https://tornofermetais.com.br/,"Av. Cenobelino de Barro Serra, 819 — Parque Industrial — São José do Rio Preto/SP — CEP 15030-000",tornofermetais.com.br,08/09/2026,,"Sem retorno",,,"Sem cadastro",,Qualificado,"WhatsApp/ligar: mapear espessuras e volume mensal de chapa carbono e inox","Chapas/bobinas para laser e dobra","Grande transformador em SJRP (~135 km); multiproduto; compra recorrente de chapa","NÃO tratar como CD de vergalhão — é chapa/laser. Oferta de chapa carbono + inox.","⭐ MULTIPRODUTO. Atenção: corte/dobra de CHAPA, não armadura (fora do funil CD).",
ARA-048,"Metalúrgica e Serralheria Metal Costa","Não identificado","Presidente Prudente",SP,145,Metalúrgica,Carbono,"Metalon; Perfis; Chapa","Telha trapezoidal/ondulada; Tubo","FATO: estruturas metálicas e serralheria desde 2005; também lista telhas termoacústicas/galvanizadas.",Médio,Médio,"Fabricação de estruturas e serralheria","Estruturas metálicas, serralheria, telhas","Não identificado","Não identificado","(18) 3222-5177 / (18) 3222-7031","(18) 98121-0296","Não identificado","Não identificado","Rua Antônio Onofre Gerbasi, 203 — Jardim das Rosas — Presidente Prudente/SP — CEP 19064-200","listamais.com.br Metal Costa",08/09/2026,,"Sem retorno",,,"Sem cadastro",,Qualificado,"WhatsApp: kit galpão (metalon/perfis/telha) + volume mensal","Perfis/metalon/chapa para estruturas","Metalúrgica ativa em Prudente (~145 km) com linha de estruturas e coberturas","Abrir com metalon + perfis; segundo telha.","Agrupar rota Presidente Prudente.",
ARA-049,"Emplan Estruturas Metálicas e Planejamento","Não identificado","Presidente Prudente",SP,145,Metalúrgica,Carbono,"Perfis U; Metalon; Tubo industrial","Chapa; Telha","FATO: listada como estruturas metálicas e planejamento no Distrito Industrial de Presidente Prudente.",Médio,Médio,"Fabricação/montagem de estruturas metálicas","Estruturas metálicas","Não identificado","Não identificado","(18) 3221-4522","Não identificado","Não identificado","Não identificado","Rua Mariano Arenales Benito, 780 — Distrito Industrial — Presidente Prudente/SP — CEP 19043-130","guiatelefone.com Emplan",08/09/2026,,"Sem retorno",,,"Sem cadastro",,Qualificado,"Ligar: mapear bitolas de perfil/metalon e fornecedor atual","Perfis estruturais","Fabricante no DI de Prudente — rota combinada com Metal Costa/Jacaré","Oferta perfis + metalon; perguntar obras em carteira.","Validar porte na visita/ligação.",
ARA-050,"Jacaré Estruturas Metálicas","Não identificado","Presidente Prudente",SP,145,Metalúrgica,Carbono,"Metalon; Perfis; Tubo","Chapa; Cantoneiras","FATO: listada como estruturas metálicas/serralheria em Presidente Prudente.",Médio,Médio,"Estruturas metálicas / serralheria","Estruturas metálicas","Não identificado","Não identificado","(18) 3905-6129","Não identificado","Não identificado","Não identificado","Rua Marte, 73 — Parque Jabaquara — Presidente Prudente/SP — CEP 19033-540","prudenteempresas.com.br Jacaré",08/09/2026,,"Sem retorno",,,"Sem cadastro",,Qualificado,"Ligar após Metal Costa/Emplan na mesma rota","Metalon/perfis — validar volume","Cluster de estruturas em Prudente","Qualificar volume antes de visita presencial.","Há segundo endereço listado (Jd. Bongiovani) — confirmar unidade ativa.",
ARA-051,"Metalúrgica São José — Estruturas Metálicas","Não identificado","Presidente Prudente",SP,145,Metalúrgica,Carbono,"Perfis; Metalon; Tubo","Chapa; Telha","FATO: site próprio — estruturas metálicas de pequeno a grande porte; +14 anos; atende cidades da região.",Alto,Alto,"Fabricação de estruturas metálicas","Estruturas arqueadas, duas águas, viga I","Não identificado (produção sob demanda)","Não identificado","(18) 99628-7773","(18) 99628-7773","Não identificado",https://sjestruturasmetalicas.com/,"Presidente Prudente/SP",sjestruturasmetalicas.com,08/09/2026,,"Sem retorno",,,"Sem cadastro",,Qualificado,"WhatsApp: oferta kit galpão (perfis + metalon + telha); mapear bitolas","Perfis estruturais e coberturas","Fabricante com site ativo e WhatsApp comercial em Prudente","Abrir com estruturas de galpão; perguntar fornecedor de perfil hoje.","⭐ Alvo âncora da rota Prudente.",
ARA-052,"AWS Metal Mecânica","Não identificado","Presidente Prudente",SP,145,"Corte e dobra","Carbono; Inox","Chapa; Tubo; Perfis","Inox — Provável — validar","FATO: sede em Presidente Prudente (fundada 2021); caldeiraria leve/média, corte laser, dobra, solda, usinagem e estruturas.",Alto,Médio,"Caldeiraria + corte/dobra + estruturas","Equipamentos, mezaninos, estruturas e peças sob encomenda","N/A — produção sob demanda","Não identificado","Não identificado","Não identificado","Não identificado",https://www.awsmetalmecanica.com.br/,"Presidente Prudente/SP",awsmetalmecanica.com.br,08/09/2026,,"Sem retorno",,,"Sem cadastro",,Qualificado,"Localizar telefone/WhatsApp no site/Maps; mapear chapas e tubos","Chapa e tubos para caldeiraria/laser","Transformador multiprocesso em Prudente (laser + caldeiraria)","Oferta chapa carbono; perguntar se trabalha inox.","Empresa jovem (2021) — validar porte e volume.",
ARA-053,"Fratini — Corte e Dobra de Chapas",37.629.817/0001-33,Adamantina,SP,140,"Corte e dobra",Carbono,"Chapa; Bobina","Tubo; Perfis — Provável — validar","FATO: CNPJ ativo; corte e dobra de chapas no DI de Adamantina; CNAE também ligado a peças/acessórios veiculares — fluxo típico chapa → corte/dobra.",Médio,Médio,"Corte e dobra de chapas (não armadura)","Peças em chapa sob medida",N/A,"Não identificado (sócios públicos em bases)","(18) 99614-3932","(18) 99614-3932","Não identificado","Não identificado","Av. Francisco Bellusci, 977 — Barracão 01 — DI Sr. Otávio Gavazzi — Adamantina/SP — CEP 17805-500","mestregeo.com.br CNPJ 37.629.817/0001-33; guiamania",08/09/2026,,"Sem retorno",,,"Sem cadastro",,Qualificado,"WhatsApp: espessuras de chapa e volume mensal","Chapa para corte/dobra","CD de CHAPA em Adamantina (~140 km) — não confundir com CD de vergalhão","Classificar como M (chapa). Oferta bobina/chapa.","EPP. Fora do funil CD (armadura).",
ARA-054,"Maridobras Corte e Dobra","Não identificado",Marília,SP,160,"Corte e dobra",Carbono,"Chapa aço — Provável — validar","Não identificado","FATO: listada em Marília como aço — corte e dobras.",Médio,Médio,"Corte e dobra de aço/chapa","Serviço de corte e dobra",N/A,"Não identificado","(14) 3453-2654","Não identificado","Não identificado","Não identificado","Av. Yusaburo Sasazaki, 1220 — Marília/SP — CEP 17512-031","listagens locais Marília (Need Tips)",08/09/2026,,"Sem retorno",,,"Sem cadastro",,Qualificado,"Ligar: confirmar se é chapa ou vergalhão; volume e bitolas","Validar se compra chapa ou armadura","Serviço de corte/dobra em Marília (~160 km) — qualificar tipo","Primeira pergunta: trabalha vergalhão (CD) ou chapa (M)?","Se for vergalhão, reclassificar para CD após validação.",
ARA-055,"Blat Estruturas Metálicas","Não identificado",Assis,SP,165,Metalúrgica,Carbono,"Perfis; Chapa; Metalon","Tubo industrial; Telha","FATO: fundada em 1975; estruturas metálicas de alto desempenho; +500 projetos; ISO 9001; atende indústria e construção em todo o Brasil.",Alto,Alto,"Fabricação de estruturas metálicas industriais","Estruturas metálicas industriais e para construção","Não identificado (carteira nacional)","Não identificado","(18) 3324-7949","Não identificado",vendas@blat.com.br,https://blat.com.br/,"Rua do Estanho, 360 — Assis/SP — CEP 19812-020",blat.com.br,08/09/2026,,"Sem retorno",,,"Sem cadastro",,Qualificado,"E-mail vendas@blat.com.br + telefone: mapear espessuras/perfis e fornecedor atual","Aço estrutural contínuo para projetos","Grande fabricante em Assis (~165 km) com histórico longo e ISO","Abordagem industrial (não varejo). Perguntar mix chapa vs perfil.","⭐ MULTIPRODUTO + MULTIOPORTUNIDADE. Âncora da rota Assis.",
ARA-056,"Estruturas Metálicas e Serralheria Modelo","Não identificado","Ilha Solteira",SP,125,Metalúrgica,Carbono,"Metalon; Tubo; Chapa","Perfis; Barras","FATO: listada em Ilha Solteira como fabricação de esquadrias, portões, grades e estruturas metálicas.",Baixo,Baixo,"Serralheria / estruturas leves","Esquadrias, portões, grades, estruturas","Não identificado","Não identificado","Não identificado","Não identificado","Não identificado","Não identificado","Rua Araras, 531 — Zona Sul — Ilha Solteira/SP — CEP 15385-000","entrei.net Estruturas Metálicas Modelo Ilha Solteira",08/09/2026,,"Sem retorno",,,"Sem cadastro",,Qualificado,"Buscar telefone no Maps; qualificar volume antes de deslocar","Metalon/tubo em baixo/médio volume — validar","Serralheria em Ilha Solteira (~125 km) — preencher vazio geográfico","Só priorizar se rota Andradina/Ilha Solteira já estiver montada.","Telefone não público nas listagens — localizar Maps.",
ARA-057,"Rossetti Ferro e Aço (Rede ArcelorMittal — Penápolis)","Não identificado",Penápolis,SP,45,"Corte e dobra","Ferro para construção","CA-50 / Belgo 50 S; Belgo 60; CA-25 (vergalhão)","Armadura pronta; Treliças; Telhas metálicas; Arames","FATO: site ferroeacorossetti.com.br — sistema Belgo Pronto (corte e dobra de vergalhão + armação); planta Penápolis credenciada ArcelorMittal; ISO 9001.",Alto,Alto,"Corte/dobra/armação (Belgo Pronto) + distribuição aço construção","Peças cortadas/dobradas, armadura pronta, ferragem para obras","Não identificado (atende construção civil regional)","Não identificado","(18) 3654-5500","(18) 99686-0370",contato@rossettifilhos.com.br,https://www.ferroeacorossetti.com.br/,"Rodovia Arnaldo Covolan (SP-287), KM 0,315 — Penápolis/SP — CEP 16306-550","ferroeacorossetti.com.br (Penápolis / Corte e Dobra)",08/09/2026,,"Sem retorno",,,"Sem cadastro",,Qualificado,"WhatsApp/ligar: mapear bitolas e volume mensal; perguntar se compram matéria-prima fora da rede","Vergalhão para corte/dobra/armação em volume alto","CD de vergalhão a ~45 km (Penápolis) — âncora da rota intermediária","Posicionar como fornecedor alternativo/complementar de CA-50/60. Não competir no varejo da obra; focar bobina/reto para a planta.","⭐ MULTIPRODUTO + MULTIOPORTUNIDADE. Prioridade máxima da v3. Também tem planta em Bauru (fora do raio habitual).",
ARA-058,"Aço Rio","Não identificado","São José do Rio Preto",SP,135,"Corte e dobra","Ferro para construção","CA-50; Vergalhão","Estribos; Treliças; Telas metálicas; Ferragem armada","FATO: site acoriopreto.com.br — armação e instalação de ferragem; lista vergalhões, estribos, treliças, viga armada e ferragem armada.",Alto,Alto,"Corte/dobra/armação de ferragem para construção","Ferragem armada e elementos estruturais sob medida","Não identificado (foco pequenas/médias obras)","Não identificado","(17) 3238-3191","Não identificado","Não identificado",https://www.acoriopreto.com.br/,"Estrada Vicinal João Parise, 2020 — São José do Rio Preto/SP",acoriopreto.com.br,08/09/2026,,"Sem retorno",,,"Sem cadastro",,Qualificado,"Ligar: volume mensal de CA-50/60 e fornecedor atual","Matéria-prima contínua para armação","CD real de armadura em SJRP (~135 km) — complementar Tornofer (chapa)","Oferta CA-50/60 + treliças. Diferenciar de Tornofer (chapa/laser).","Agrupar rota SJRP com Tornofer e Cia. do Aço.",
ARA-059,"Cia. do Aço — Rede ArcelorMittal Rio Preto","Não identificado","São José do Rio Preto",SP,135,"Corte e dobra","Ferro para construção; Carbono","CA-50 / vergalhão Belgo; Ferro cortado e dobrado","Colunas prontas; Telas; Treliças; Chapas; Tubos; Perfis; Telhas","FATO: site ciadoaco.com.br — distribuidor ArcelorMittal; serviço explícito de ferro cortado e dobrado; linha construção + indústria + agro.",Alto,Alto,"Distribuição Rede ArcelorMittal + corte/dobra de ferro","Ferro cortado/dobrado, colunas prontas, estoque construção/indústria","Não identificado","Não identificado","(17) 3214-9030","Não identificado","Não identificado",https://www.ciadoaco.com.br/,"Av. Waldomiro Mazzocato, 376 — Dist. Ind. Dr. Ulisses Guimarães — São José do Rio Preto/SP — CEP 15092-604","ciadoaco.com.br; LinkedIn Cia. do Aço Rede ArcelorMittal",08/09/2026,,"Sem retorno",,,"Sem cadastro",,Qualificado,"Ligar: mapear mix CD vs revenda; volume de vergalhão processado","Vergalhão para CD + possível linha industrial (chapa/tubo)","Grande estoque + CD em SJRP; multiproduto construção/indústria","Abrir com CA-50 para a linha de corte/dobra; segundo passo chapas/tubos se houver demanda industrial.","⭐ MULTIPRODUTO. Pode haver sobreposição com Rossetti (mesma rede) — mapear território comercial.",
ARA-060,"Uniaço Ferro e Aço",20.640.545/0001-70,Penápolis,SP,45,Revenda,"Ferro para construção","CA-50 / vergalhão (revenda)","Estribos; Treliças H8/H12; Barras; Colunas","FATO: CNPJ ativo; listagens locais — loja de ferragens com vergalhão, estribos, treliças e colunas no Parque Industrial de Penápolis.",Médio,Médio,"Revenda de aço construção / ferragens","Comércio de vergalhão e ferragens para obra",N/A,"Não identificado","(18) 3652-1633 / (18) 3652-4757","Não identificado","Não identificado","Não identificado","Av. Pioneiro Antônio Rodrigues Boucinha, 591 — Parque Industrial — Penápolis/SP — CEP 16306-506","guiapj.com.br CNPJ 20.640.545/0001-70; listamais Uniaço Penápolis",08/09/2026,,"Sem retorno",,,"Sem cadastro",,Qualificado,"Ligar na rota Penápolis (junto com Rossetti): volume de vergalhão e fornecedor","Estoque de aço construção para revenda","Revenda de armadura a ~45 km — complementar Rossetti","Oferta CA-50/60 + treliças. Qualificar se fazem CD ou só revenda.","Se confirmarem corte/dobra, reclassificar para CD.",
ARA-061,"MEBRAS — Indústrias Reunidas","Não identificado",Catanduva,SP,130,Metalúrgica,"Carbono; Inox","Perfis; Chapa; Metalon","Tubo; Inox — Provável — validar (reservatórios)","FATO: site mebras.com.br — estruturas metálicas, reservatórios e equipamentos industriais; atende indústria alimentícia/agro.",Alto,Alto,"Fabricação de estruturas metálicas e equipamentos industriais","Estruturas, reservatórios de água/combustível, equipamentos","Não identificado (carteira nacional)","Não identificado","(17) 3522-9036","(17) 3522-9036",mebras@mebras.com.br,https://mebras.com.br/,"Rua Lucélia, 430 — Jd. Del Rey — Catanduva/SP — CEP 15802-050",mebras.com.br,08/09/2026,,"Sem retorno",,,"Sem cadastro",,Qualificado,"E-mail/WhatsApp: mapear espessuras de chapa/perfil e volume mensal","Aço estrutural e chapa para estruturas/reservatórios","Âncora industrial de Catanduva (~130 km)","Abordagem industrial (não varejo). Perguntar mix carbono vs inox.","⭐ MULTIPRODUTO. Rota Catanduva com Metallaser.",
ARA-062,"Metallaser Catanduva — Corte, Dobra e Comércio de Aço",45.954.099/0001-07,Catanduva,SP,130,"Corte e dobra",Carbono,"Chapa; Bobina","Não identificado","FATO: CNPJ ativo; CNAE serviço de corte e dobra de metais; comércio de produtos siderúrgicos — tipicamente chapa, NÃO vergalhão.",Médio,Médio,"Corte e dobra de chapa + comércio de aço","Peças em chapa sob medida",N/A,"Não identificado","(17) 3522-0921","Não identificado","Não identificado","Não identificado","Rua Estrela D'Oeste, 12 — Sala 01 — Vila São Luiz — Catanduva/SP — CEP 15803-018","mestregeo.com.br CNPJ 45.954.099/0001-07",08/09/2026,,"Sem retorno",,,"Sem cadastro",,Qualificado,"Ligar: espessuras e volume de chapa; fornecedor atual","Chapa para corte/dobra","Centro de serviço de chapa em Catanduva — não confundir com CD de armadura","Classificar como M (chapa). Oferta bobina/chapa.","ME (2022). Fora do funil CD.",
ARA-063,"Rorato Produtos de Aço","Não identificado",Uchoa,SP,145,"Corte e dobra",Carbono,"Chapa aço carbono; Bobina","Não identificado","FATO: site rorato.com.br — corte a laser (chapas até 50,8 mm), dobra CNC, oxicorte; atende SJRP/Catanduva/Uchoa com frota própria.",Alto,Alto,"Centro de serviço — laser/dobra CNC de chapa","Peças cortadas/dobradas; painéis e peças especiais em aço carbono","N/A — produção sob demanda","Não identificado","(17) 99784-2112 / (17) 3222-2135","(17) 99784-2112",fabrica@rorato.com.br,https://rorato.com.br/,"Rua Eder José Stocco, 18 — Distrito Industrial II — Uchoa/SP — CEP 15890-000","rorato.com.br; guiatelefone Rorato Uchoa",08/09/2026,,"Sem retorno",,,"Sem cadastro",,Qualificado,"WhatsApp fabrica@rorato: espessuras e volume mensal de chapa","Chapas espessas para laser (até ~50 mm)","Grande transformador de chapa entre SJRP e Catanduva (~145 km)","NÃO tratar como CD de vergalhão. Oferta chapa carbono espessa.","Desde 2003. Rota SJRP–Uchoa–Catanduva.",
ARA-064,"Esmeva Estruturas Metálicas / Construtora",17.357.319/0001-71,Fernandópolis,SP,155,Metalúrgica,Carbono,"Perfis; Metalon; Chapa","Tubo; Telha — Provável — validar","FATO: CNPJ Esmeva Construtora Ltda; listagens — estruturas metálicas em Fernandópolis (Rod. SP-320).",Médio,Médio,"Estruturas metálicas / construção","Estruturas metálicas","Não identificado","Não identificado","(17) 3442-1919","(17) 99715-2345",esmeva.ems@hotmail.com,"Não identificado","Rodovia SP-320, km 549,8 — Jardim Iguatemi — Fernandópolis/SP","solutudo Esmeva; guiatelefone Esmeva Estruturas Metálicas",08/09/2026,,"Sem retorno",,,"Sem cadastro",,Qualificado,"WhatsApp: kit estrutura (perfis/metalon) + volume","Aço estrutural para fabricação/montagem","Preencher eixo Fernandópolis (~155 km)","Oferta metalon + perfis; qualificar porte antes de visita.","Há endereço comercial Av. Literio Grecco, 221 — confirmar unidade fabril.",
ARA-065,"Grupo MBrasil — Estruturas Metálicas",31.743.577/0001-17,Marília,SP,160,Metalúrgica,Carbono,"Perfis; Chapa; Metalon","Tubo; Telha / fechamentos — Provável — validar","FATO: site grupombrasil.com — +50 anos; fabricação e montagem de estruturas metálicas industriais/comerciais; obras de grande porte (ex.: Jacto, Coca-Cola Marília).",Alto,Alto,"Fabricação e montagem de estruturas metálicas","Estruturas industriais, coberturas, mezaninos, venezianas industriais","Carteira nacional/internacional (ex.: shopping, indústrias)","Não identificado (ex.: Bruno Ambrósio — comercial, LinkedIn)","(14) 3408-2610 / (14) 3425-2277","Não identificado",contato@grupombrasil.com,https://grupombrasil.com/,"Av. Eugênio Coneglian, 1996 — Distrito Industrial — Marília/SP — CEP 17512-050",grupombrasil.com,08/09/2026,,"Sem retorno",,,"Sem cadastro",,Qualificado,"E-mail contato@grupombrasil.com: mapear mix chapa/perfil e fornecedor","Aço estrutural contínuo para projetos de grande porte","Grande fabricante em Marília (~160 km) — âncora com Maridobras","Abordagem industrial. Perguntar bitolas e prazo de obra em carteira.","⭐ MULTIPRODUTO + MULTIOPORTUNIDADE. Âncora da rota Marília.",
ARA-066,"Ferro e Cia — Serralheria e Estruturas Metálicas","Não identificado",Lins,SP,110,Metalúrgica,Carbono,"Metalon; Tubo; Chapa","Perfis; Barras","FATO: listagens Solutudo/Guia Fácil — serralheria e estruturas metálicas em Lins.",Baixo,Baixo,"Serralheria / estruturas leves","Serralheria e estruturas metálicas","Não identificado","Não identificado","(14) 3523-5497","(14) 3523-5497","Não identificado","Não identificado","Rua Kiyoshi Tokumoto, 707 — Vila Cinquentenário — Lins/SP — CEP 16403-244","solutudo Serralheria Ferro e Cia Lins; guiafacil",08/09/2026,,"Sem retorno",,,"Sem cadastro",,Qualificado,"WhatsApp: qualificar volume antes de deslocar","Metalon/tubo — validar volume","Preencher eixo Lins (~110 km) na rota intermediária","Só priorizar se rota Lins/Marília já estiver montada.","Lead B até confirmar porte.",
ARA-067,"Lacerda Ferragens — Corte e Dobra de Chapas",13.319.200/0001-53,Votuporanga,SP,140,"Corte e dobra",Carbono,"Chapa aço","Ferragens — Provável — validar","FATO: CNPJ ativo; listagens — corte e dobra de chapas de aço + comércio de ferragens em Votuporanga.",Médio,Médio,"Corte/dobra de chapa + ferragens","Peças em chapa; revenda de ferragens",N/A,"Não identificado","(17) 3423-5988","Não identificado","Não identificado","Não identificado","Av. Olívio Commar, 3952 — 8º Distrito Empresarial — Votuporanga/SP — CEP 15506-106","guiapj.com.br CNPJ 13.319.200/0001-53; metalmecanica Lacerda",08/09/2026,,"Sem retorno",,,"Sem cadastro",,Qualificado,"Ligar: espessuras de chapa e volume mensal","Chapa para corte/dobra","Centro de serviço de chapa em Votuporanga (~140 km)","Classificar como M (chapa). Fora do funil CD de armadura.","CNAE principal varejo de ferragens — validar peso do serviço de corte/dobra.",
ARA-068,"Ferrowam — Aço cortado, dobrado e armado","Não identificado","São José do Rio Preto",SP,135,"Corte e dobra","Ferro para construção","CA-50; CA-60 (vergalhão cortado/dobrado)","Telas; Treliças; Colunas pop; Estacas; Arame","FATO: site ferrowam.com.br — +35 anos em SJRP; aço cortado/dobrado/armado; parceria CSN; linha completa CA-50/60 e ferragem.",Alto,Alto,"Corte, dobra e armação de aço construção","Vergalhão cortado/dobrado, colunas, telas, treliças, estacas","Atende obras locais e nacionais (histórico público no site)","Não identificado","(17) 3224-9990","Não identificado","Não identificado",https://ferrowam.com.br/,"Av. Philadelpho Manoel Gouveia Netto, 1965 — Jardim Mona — São José do Rio Preto/SP — CEP 15050-006","ferrowam.com.br; listamais Ferrowam SJRP",08/09/2026,,"Sem retorno",,,"Sem cadastro",,Qualificado,"Ligar: volume mensal CA-50/60 e se compram fora da CSN","Matéria-prima contínua para CD/armação","CD âncora em SJRP (~135 km) — prioridade da 3ª onda","Posicionar como fornecedor complementar de CA-50/60 bobina/reto. Não competir no varejo da obra.","⭐ MULTIPRODUTO. Rota SJRP com AçoRio / Cia. do Aço / Tornofer.",
ARA-069,"CPA — Central Paulista Distribuidora de Aço",67.377.424/0001-40,Bauru,SP,190,"Corte e dobra","Ferro para construção","CA-50 / vergalhão (corte e dobra + armadura pronta)","Telas soldadas; Treliças; Perfis; Laminados — Provável — validar","FATO: site cpabauru.com.br — corte e dobra de vergalhão e armadura pronta; CNPJ ativo com CNAE de armações metálicas + corte/dobra.",Alto,Alto,"Distribuição + corte/dobra/armadura pronta","Peças cortadas/dobradas e armadura pronta sob projeto","Não identificado","Não identificado","(14) 3239-3333","(14) 99774-1764",cpaferroeaco@gmail.com,http://cpabauru.com.br/,"Rua Luiz Rosa de Lima, 6-51 — Jardim TV — Bauru/SP — CEP 17021-862","cpabauru.com.br; cirtrox CNPJ 67.377.424/0001-40",08/09/2026,,"Sem retorno",,,"Sem cadastro",,Qualificado,"WhatsApp/e-mail: mapear bitolas e volume; frete Bauru↔região","Vergalhão para CD/armadura","CD de vergalhão em Bauru (~190 km) — borda do raio 200 km","Oferta CA-50/60. Avaliar se frete compete com fornecedor atual.","Limite de raio — priorizar se rota Marília/Assis/Bauru fizer sentido.",
ARA-070,"Deaço Comercial de Ferro e Aço",66.102.310/0001-25,Fernandópolis,SP,155,Revenda,"Ferro para construção; Carbono","Chapa; Perfis; Bobina","Telhas; Linha construção civil — Provável — validar mix vergalhão","FATO: site deaco.com.br — +35 anos; distribuição + corte a laser + perfis/chapas; LinkedIn cita corte/dobra de aços planos e longos; entrega Fernandópolis/Jales/Votuporanga/SJRP.",Alto,Alto,"Distribuição + centro de serviço (laser/corte/dobra)","Revenda e transformação de aço (chapa/perfil/telha)",N/A,"Não identificado","(17) 3465-1500","Não identificado","comercial@deaco.com.br / deaco@deaco.com.br",https://deaco.com.br/,"Av. Litério Grecco, 2561 — Jd. São Fernando — Fernandópolis/SP","deaco.com.br; LinkedIn Deaço",08/09/2026,,"Sem retorno",,,"Sem cadastro",,Qualificado,"E-mail comercial: mix chapa vs construção; volume mensal","Chapas/bobinas e possível linha construção","Grande distribuidor multiproduto no eixo Fernandópolis (~155 km)","Abrir com chapa/bobina para laser; perguntar se trabalham vergalhão (reclassificar se CD).","⭐ MULTIPRODUTO. Âncora com Esmeva na rota Fernandópolis.",
ARA-071,"Noroaço Ferro e Aço — unidade S.J. Rio Preto","Não identificado","São José do Rio Preto",SP,135,Revenda,Carbono,"Chapa; Bobina; Tubos; Vigas","Telhas; Laminados; Plasma/oxicorte","FATO: site noroaco.com — rede multiunidade; linha tubos/vigas/telhas/laminados/chapas + plasma e oxicorte; unidade no Centro Industrial Pascutti.",Alto,Alto,"Distribuição atacado/varejo + corte plasma/oxicorte","Comércio e corte de aço industrial/construção",N/A,"Não identificado","(17) 3426-8600","(17) 99619-1331",noroacoriopreto@noroaco.com,https://noroaco.com/,"Rua Geraldo Pascutti, 630 — Centro Industrial Pascutti — São José do Rio Preto/SP — CEP 15077-386",noroaco.com/unidades,08/09/2026,,"Sem retorno",,,"Sem cadastro",,Qualificado,"WhatsApp: volume de chapa/tubo e fornecedor atual","Estoque industrial (chapa/tubo/perfil)","Distribuidor de rede em SJRP — compra recorrente","Oferta chapa/bobina/tubos. Validar se há linha de vergalhão.","Mesma rede Lins/Votuporanga — negociar conta regional.",
ARA-072,"Noroaço Ferro e Aço — unidade Lins (Guaiçara)","Não identificado",Guaiçara,SP,105,Revenda,Carbono,"Chapa; Tubos; Vigas; Laminados","Telhas; Plasma/oxicorte","FATO: unidade Noroaço na BR-153 em Guaiçara (polo Lins); mesma linha de produtos da rede.",Alto,Alto,"Distribuição + corte","Comércio e corte de aço",N/A,"Não identificado","(17) 3426-8600","(14) 99642-8382",noroacolins@norometal.com,https://noroaco.com/,"BR-153 — em frente à Polícia Federal — Guaiçara/SP — CEP 16430-000","noroaco.com/unidades (Lins)",08/09/2026,,"Sem retorno",,,"Sem cadastro",,Qualificado,"WhatsApp na rota Lins: volume e mix","Aço industrial para revenda/corte","Unidade Noroaço a ~105 km (eixo Lins)","Agrupar com Ferro e Cia Lins na mesma rota.","Cidade Guaiçara (sede física); atendimento marca Lins.",
ARA-073,"Noroaço Ferro e Aço — unidade Votuporanga","Não identificado",Votuporanga,SP,140,Revenda,Carbono,"Chapa; Tubos; Vigas; Laminados","Telhas; Plasma/oxicorte","FATO: unidade Noroaço em Votuporanga com telefone e e-mail próprios na página de unidades.",Alto,Alto,"Distribuição + corte","Comércio e corte de aço",N/A,"Não identificado","(17) 3426-8600 / (17) 3426-8601","Não identificado",noroaco@noroaco.com,https://noroaco.com/,"Av. Alípio Rodero, 12276 — Centro Empresarial Maria dos Santos Facchini — Votuporanga/SP — CEP 15515-050","noroaco.com/unidades (Votuporanga)",08/09/2026,,"Sem retorno",,,"Sem cadastro",,Qualificado,"Ligar: volume chapa/tubo; cruzar com Lacerda na mesma cidade","Estoque industrial","Distribuidor de porte em Votuporanga (~140 km)","Oferta chapa/bobina; perguntar mix construção vs indústria.","Rota Votuporanga com Lacerda.",
ARA-074,"Norte Aço — Corte e Dobra de Metais",35.585.286/0001-07,"São José do Rio Preto",SP,135,"Corte e dobra",Carbono,"Chapa; Bobina","Não identificado","FATO: CNPJ Norte Aço Corte e Dobra de Metais Ltda; CNAE serviço de corte e dobra de metais — tipicamente chapa.",Médio,Médio,"Corte e dobra de metais (chapa)","Peças em chapa sob medida",N/A,"Não identificado","(17) 3513-1700","Não identificado","Não identificado","Não identificado","Av. Doutor Ernani Pires Domingues, 1010 — Jardim Vale do Sol — São José do Rio Preto/SP — CEP 15045-105","mestregeo.com.br CNPJ 35.585.286/0001-07",08/09/2026,,"Sem retorno",,,"Sem cadastro",,Qualificado,"Ligar: confirmar chapa vs vergalhão; volume","Chapa para corte/dobra","Centro de serviço em SJRP — complementar Tornofer/Rorato","Classificar como M até validar. Fora do funil CD se for chapa.","ME (2019).",
ARA-075,"Ferro e Aço Altasfer","Não identificado",Tupã,SP,155,Revenda,"Ferro para construção","Linha construção / ferro e aço — Provável — validar","Não identificado","FATO: listada em guia local Tupã Online como Ferro e Aço Altasfer com telefone e endereço.",Médio,Médio,"Comércio de ferro e aço","Revenda de aço — validar portfólio",N/A,"Não identificado","(14) 3496-1110","Não identificado","Não identificado","Não identificado","Av. Tabajaras, 1695 — Tupã/SP","tupaonline.com.br (Metais e Metalúrgicas)",08/09/2026,,"Sem retorno",,,"Sem cadastro",,Qualificado,"Ligar: confirmar se vende vergalhão/chapa e volume","Validar mix","Âncora de ferro/aço em Tupã (~155 km)","Qualificar portfólio antes de oferta.","Cluster Tupã com Fumiya/Jocec/Metal Souza.",
ARA-076,"Estribos Fumiya","Não identificado",Tupã,SP,155,"Corte e dobra","Ferro para construção","CA-50 / CA-60 (estribos / ferragem)","Não identificado","FATO: listada em Tupã Online como Estribos Fumiya — nome indica fabricação de estribos (consumo típico de vergalhão).",Médio,Médio,"Fabricação de estribos / ferragem leve","Estribos e ferragem — validar","Não identificado","Não identificado","(14) 99603-3960","(14) 99603-3960","Não identificado","Não identificado","Av. Francisco Lagustera, 1744 — Tupã/SP","tupaonline.com.br (Metais e Metalúrgicas)",08/09/2026,,"Sem retorno",,,"Sem cadastro",,Qualificado,"WhatsApp: confirmar bitolas e volume mensal de vergalhão","Vergalhão para estribos","Possível CD leve de armadura em Tupã","Oferta CA-50/60 fino. Validar se só estribo ou linha completa.","Classificação CD por evidência de produto; confirmar no primeiro contato.",
ARA-077,"Jocec Produtos Metalúrgicos","Não identificado",Tupã,SP,155,Metalúrgica,Carbono,"Chapa; Metalon; Barras — Provável — validar","Não identificado","FATO: listada em Tupã Online como produtos metalúrgicos com telefone e endereço na vicinal Tupã–Juliânia.",Médio,Médio,"Produtos metalúrgicos","Artefatos metalúrgicos — validar",N/A,"Não identificado","(14) 3404-4111","Não identificado","Não identificado","Não identificado","Vicinal Tupã–Juliânia, 685 — Tupã/SP","tupaonline.com.br (Metais e Metalúrgicas)",08/09/2026,,"Sem retorno",,,"Sem cadastro",,Qualificado,"Ligar: mapear produto final e matéria-prima","Validar linha de aço","Metalúrgica ativa em Tupã","Qualificar antes de ofertar.","Lead B até confirmar porte.",
ARA-078,"Metal Souza","Não identificado",Tupã,SP,155,Metalúrgica,Carbono,"Chapa; Metalon — Provável — validar","Não identificado","FATO: listada em Tupã Online entre metais/metalúrgicas com telefone.",Baixo,Baixo,"Metalúrgica — validar","Não identificado",N/A,"Não identificado","(14) 3441-1964","Não identificado","Não identificado","Não identificado","Rua México, 1505 — Tupã/SP","tupaonline.com.br (Metais e Metalúrgicas)",08/09/2026,,"Sem retorno",,,"Sem cadastro",,Qualificado,"Ligar só se rota Tupã ativa; qualificar volume",Validar,"Preencher densidade em Tupã","Qualificar porte antes de visita.","Lead não priorizado até validação.",
ARA-079,"WG Metalúrgica Ito","Não identificado",Tupã,SP,155,Metalúrgica,Carbono,"Chapa; Metalon — Provável — validar","Não identificado","FATO: listada em Tupã Online como metalúrgica com celular.",Baixo,Baixo,"Metalúrgica — validar","Não identificado",N/A,"Não identificado","(14) 99723-4570","(14) 99723-4570","Não identificado","Não identificado","Rua Nhambiquaras Norte, 990 — Tupã/SP","tupaonline.com.br (Metais e Metalúrgicas)",08/09/2026,,"Sem retorno",,,"Sem cadastro",,Qualificado,"WhatsApp: o que fabricam e volume de aço",Validar,"Metalúrgica local em Tupã","Qualificar antes de oferta.","Lead B.",
ARA-080,"Bras Estruturas Metálicas e Serralheria",26.361.373/0001-81,"Novo Horizonte",SP,145,Metalúrgica,Carbono,"Metalon; Tubo; Chapa","Ferragens — Provável — validar","FATO: CNPJ ativo; CNAEs de estruturas metálicas, serralheria e armações; telefone público.",Médio,Médio,"Estruturas metálicas / serralheria","Estruturas e artigos de serralheria","Não identificado","Não identificado","(17) 3543-3535","Não identificado","Não identificado","Não identificado","Estrada Juliano de Oliveira Mestriner, 130 — Estiva — Novo Horizonte/SP — CEP 14960-000","mestregeo.com.br CNPJ 26.361.373/0001-81",08/09/2026,,"Sem retorno",,,"Sem cadastro",,Qualificado,"Ligar: kit metalon/perfis e volume","Aço para estruturas/serralheria","Preencher Novo Horizonte (~145 km)","Oferta metalon + chapa; qualificar porte.","ME. Rota Novo Horizonte–Catanduva.",
ARA-081,"JRB Montagens de Estruturas Metálicas","Não identificado","Novo Horizonte",SP,145,Metalúrgica,Carbono,"Perfis; Metalon; Chapa",Tubo,"FATO: listada com CNAE de montagem de estruturas metálicas e telefone em Novo Horizonte.",Baixo,Baixo,"Montagem de estruturas metálicas","Montagem — validar se fabrica ou só monta","Não identificado","Não identificado","(17) 3542-3280","Não identificado","Não identificado","Não identificado","Vila Patti — Novo Horizonte/SP","listagens CNPJ JRB Montagens Novo Horizonte",08/09/2026,,"Sem retorno",,,"Sem cadastro",,Qualificado,"Ligar: se compram aço ou só montam estrutura de terceiros","Validar se há compra de aço","Montadora em Novo Horizonte — possível comprador indireto","Só avançar se confirmarem compra própria de perfis/chapa.","Pode ser só montagem — baixa prioridade até validar.",
ARA-082,"CARBAT — Soluções Metálicas / Carbat do Brasil","Não identificado","Três Lagoas",MS,165,Metalúrgica,"Carbono; Inox","Chapa; Perfis; Tubo","Inox; Aço galvanizado — Provável — validar","FATO: site carbat.com.br — +30 anos; caldeiraria, estruturas metálicas, usinagem, jateamento/pintura; parque ~25 mil m²; aço carbono/inox/galvanizado.",Alto,Alto,"Caldeiraria + estruturas metálicas + usinagem","Estruturas, caldeiraria, peças usinadas, montagem industrial","Carteira nacional (ex.: obras eletromecânicas / celulose na região)","Não identificado","(67) 3524-2427","Não identificado","Não identificado",https://carbat.com.br/,"Rodovia BR-262, Km 11,5 — Três Lagoas/MS","carbat.com.br; LinkedIn CARBAT Soluções Metálicas",08/09/2026,,"Sem retorno",,,"Sem cadastro",,Qualificado,"Ligar: mix chapa/perfil/inox e volume mensal","Aço estrutural e chapa para caldeiraria","Grande transformador em Três Lagoas/MS (~165 km)","Abordagem industrial. Perguntar carbono vs inox.","⭐ MULTIPRODUTO. Não confundir com CARBAT Carbono Ativado (mesmo eixo BR-262).",
ARA-083,"Raízen — Parque de Bioenergia Univalem","Não identificado (filial)",Valparaíso,SP,60,Indústria,"Carbono; Inox","Chapa / estruturas via contratadas — Provável — validar","Inox para processo; Tubos","FATO: UDOP — Raízen Parque de Bioenergia Univalem em Valparaíso; usina ativa CFA.",Alto,Alto,"Usina de açúcar e etanol",Açúcar/etanol/energia,"Operação contínua — validar projetos","Não identificado","(18) 3401-9000 / (18) 3401-9011","Não identificado","Não identificado",https://www.raizen.com.br/,"Rod. Dr. Plácido Rocha (SP-541) — Sapé / Zona Rural — Valparaíso/SP — CEP 16880-000","udop.com.br Univalem; solutudo",08/09/2026,,"Sem retorno",,,"Sem cadastro",,Qualificado,"Agrupar rota Valparaíso com Da Mata; mapear caldeirarias","Manutenção industrial (chapa + inox)","Grande usina Raízen a ~60 km","Indireta via caldeirarias / portal Raízen.","Cluster Raízen: Destivale, Gasa, Mundial, Benálcool, Univalem.",
ARA-084,"Raízen — Parque de Bioenergia Benálcool","Não identificado (filial)","Bento de Abreu",SP,50,Indústria,"Carbono; Inox","Chapa / estruturas via contratadas — Provável — validar","Inox para processo","FATO: UDOP/CONSECANA — Raízen Parque de Bioenergia Benálcool em Bento de Abreu.",Alto,Alto,"Usina de açúcar e etanol",Açúcar/etanol,"Operação contínua — validar","Não identificado","(18) 3601-9000 / (18) 3601-9010","Não identificado","Não identificado",https://www.raizen.com.br/,"Fazenda Lago Azul — Parque Industrial Benálcool — Bento de Abreu/SP — CEP 16790-000","udop.com.br Benálcool; consecana.com.br",08/09/2026,,"Sem retorno",,,"Sem cadastro",,Qualificado,"Mapear contratadas de manutenção na safra","Aço para manutenção de usina","Usina Raízen a ~50 km","Indireta via caldeirarias locais.","Rota Bento de Abreu / Valparaíso / Guararapes.",
ARA-085,"Raízen — Parque de Bioenergia Mundial","Não identificado (filial)",Mirandópolis,SP,70,Indústria,"Carbono; Inox","Chapa / estruturas via contratadas — Provável — validar","Inox para processo","FATO: UDOP — Raízen Parque de Bioenergia Mundial em Mirandópolis; produção açúcar/etanol.",Alto,Alto,"Usina de açúcar e etanol","Açúcar exportação, etanol anidro/hidratado","Operação contínua — validar","Não identificado","(18) 3701-9100","Não identificado","Não identificado",https://www.raizen.com.br/,"Estr. Municipal Mirandópolis–Pacaembu, Km 13,5 — Monte Serrat — Mirandópolis/SP — CEP 16800-000","udop.com.br Mundial; raizen.com endereços",08/09/2026,,"Sem retorno",,,"Sem cadastro",,Qualificado,"Rota Mirandópolis com Gasa/Andradina","Manutenção industrial","Usina Raízen a ~70 km no eixo Andradina","Indireta via Passador e portal Raízen.","Cluster próximo a Destivale/Gasa/Univalem.",
ARA-086,"Da Mata S/A Açúcar e Álcool",08.110.543/0001-73,Valparaíso,SP,60,Indústria,"Carbono; Inox","Chapa / estruturas via contratadas — Provável — validar","Inox para processo; Tubos","FATO: matriz Da Mata em Valparaíso (CNPJ ativo); usina CFA; telefone e site públicos.",Alto,Alto,"Usina de açúcar e etanol",Açúcar/etanol/energia,"Operação contínua — validar reformas","Não identificado","(18) 3401-7000 / (18) 3401-7007","Não identificado","contabilidade@damata.ind.br / conduta@damata.ind.br",https://damata.ind.br/,"Estrada Municipal VPS-321, Km 22,8 — Zona Rural — Valparaíso/SP — CEP 16880-000","damata.ind.br; juridicoonline CNPJ; LinkedIn Usina Da Mata",08/09/2026,,"Sem retorno",,,"Sem cadastro",,Qualificado,"Contato suprimentos; mapear caldeirarias da usina","Manutenção industrial (inox em processo)","Grande usina independente a ~60 km (Vizinha da Univalem)","Indireta via caldeirarias; ou e-mail institucional.","Grupo com filiais agrícolas na região — foco na unidade industrial Valparaíso.",
ARA-087,"Clealco Açúcar e Álcool — Unidade Clementina",45.483.450/0001-10,Clementina,SP,70,Indústria,"Carbono; Inox","Chapa / estruturas via contratadas — Provável — validar","Inox para processo","FATO: site clealco.com.br — matriz Clementina; grupo com 3 usinas e moagem ~12 mi t/safra.",Alto,Alto,"Usina de açúcar e etanol","Açúcar VHP, etanol, energia","Operação contínua — validar","Não identificado","(18) 3658-9000","Não identificado","Não identificado",https://www.clealco.com.br/,"Rodovia SP-425 entroncamento SP-463, Km 01 — Industrial — Clementina/SP — CEP 16253-899","clealco.com.br/contato; cogen.com.br",08/09/2026,,"Sem retorno",,,"Sem cadastro",,Qualificado,"Portal do Fornecedor Clealco + mapear caldeirarias","Manutenção industrial","Grupo Clealco a ~70 km (eixo Penápolis/Clementina)","Portal fornecedor Clealco; indireta via caldeirarias.","Site tem Portal do Fornecedor — canal formal.",
ARA-088,"Clealco Açúcar e Álcool — Unidade Queiroz",45.483.450/0021-64,Queiroz,SP,175,Indústria,Inox,"Chapa / estruturas via contratadas — Provável — validar","Inox para processo","FATO: site clealco.com.br — unidade Queiroz com CNPJ e telefone próprios.",Alto,Alto,"Usina de açúcar e etanol",Açúcar/etanol/energia,"Operação contínua — validar","Não identificado","(14) 3458-9208","Não identificado","Não identificado",https://www.clealco.com.br/,"Fazenda Pouso Alegre — Zona Rural — Queiroz/SP — CEP 17599-899",clealco.com.br/contato,08/09/2026,,"Sem retorno",,,"Sem cadastro",,Qualificado,"Agrupar com rota Marília se deslocar ao sul","Manutenção industrial","Unidade Clealco na borda sul do raio (~175 km)","Mesmo portal Clealco da unidade Clementina.","Priorizar se rota Marília/Assis/Bauru estiver ativa.",
ARA-089,"Diana Bioenergia Avanhandava","Não identificado",Avanhandava,SP,70,Indústria,"Carbono; Inox","Chapa / estruturas via contratadas — Provável — validar","Inox para processo","FATO: UDOP — Diana Bioenergia Avanhandava S.A.; usina CFA 2025; site dianabioenergia.com.br.",Alto,Alto,"Usina de açúcar e etanol",Açúcar/etanol/energia,"Operação contínua — validar","Não identificado","(18) 3651-9100 / (18) 3651-9101","Não identificado","Não identificado",https://www.dianabioenergia.com.br/,"Estrada Municipal Amélio Veneroni, Km 9 — Fazenda Nova Recreio — Avanhandava/SP — CEP 16360-000","udop.com.br Diana Bioenergia; SMA/SP CFA maio/2025",08/09/2026,,"Sem retorno",,,"Sem cadastro",,Qualificado,"Ligar/roteiro Penápolis–Avanhandava; mapear caldeirarias","Manutenção industrial (inox)","Usina a ~70 km no eixo Penápolis","Indireta via caldeirarias; cadastro fornecedor se houver portal.","Rota com Clealco Clementina e Rossetti Penápolis.",
ARA-090,"Viterra Bioenergia — Unidade Nova Unialco","Não identificado",Guararapes,SP,55,Indústria,"Carbono; Inox","Chapa / estruturas via contratadas — Provável — validar","Inox para processo","FATO: UDOP — Viterra Bioenergia Unidade Nova Unialco em Guararapes; usina CFA.",Alto,Alto,"Usina de açúcar e etanol",Açúcar/etanol/energia,"Operação contínua — validar (grupo em transição Bunge/Viterra)","Não identificado","(18) 3606-8900 / (18) 3637-8911","Não identificado","Não identificado","Não identificado","Estrada Vicinal Angelo Zancaner, Km 30 — Fazenda Bálsamo — Guararapes/SP — CEP 16700-000","udop.com.br Viterra Nova Unialco; SMA/SP CFA",08/09/2026,,"Sem retorno",,,"Sem cadastro",,Qualificado,"Confirmar razão social pós-aquisição Bunge; mapear manutenção","Manutenção industrial","Usina a ~55 km (ex-Unialco)","Indireta via caldeirarias; validar canal de compras atual.","Atenção à transição societária Bunge/Viterra.",
ARA-091,"Viralcool — Usina Castilho","Não identificado",Castilho,SP,110,Indústria,"Carbono; Inox","Chapa / estruturas via contratadas — Provável — validar","Inox para processo","FATO: CONSECANA — Viralcool II em Castilho; telefone e endereço públicos; grupo com unidades em SP.",Alto,Alto,"Usina de açúcar e etanol","Açúcar, etanol, energia, levedura","Operação contínua — validar","Não identificado","(18) 3741-9100","Não identificado","Não identificado",https://www.viralcool.com.br/,"Acesso Fazenda Santa Amália, S/N — Zona Rural — Castilho/SP — CEP 16920-000","consecana.com.br Viralcool II; LinkedIn Usina Viralcool Castilho",08/09/2026,,"Sem retorno",,,"Sem cadastro",,Qualificado,"Rota Andradina–Castilho com Gasa/Passador","Manutenção industrial (inox)","Usina a ~110 km no eixo Andradina","Indireta via Passador; cadastro fornecedor Viralcool.","Complementa cluster Gasa/Andradina.",
ARA-092,"Usina Santa Adélia — Unidade Pereira Barreto",50.376.938/0009-36,"Pereira Barreto",SP,90,Indústria,"Carbono; Inox","Chapa / estruturas via contratadas — Provável — validar","Inox para processo","FATO: CNPJ filial ativo; CNAE fabricação de álcool; listada CFA 2025 em Pereira Barreto.",Alto,Alto,"Usina de açúcar e etanol",Álcool/açúcar/energia,"Operação contínua — validar","Não identificado","(16) 3209-2141","Não identificado",tributario@usinasantaadelia.com.br,"Não identificado","Rodovia SP-310, Km 643 — Zona Rural — Pereira Barreto/SP — CEP 15378-899","cnpjcheck CNPJ 50.376.938/0009-36; SMA/SP CFA maio/2025",08/09/2026,,"Sem retorno",,,"Sem cadastro",,Qualificado,"Confirmar telefone operacional da unidade (DDD 16 pode ser matriz); mapear manutenção local","Manutenção industrial","Usina a ~90 km no eixo noroeste","Indireta via caldeirarias; validar canal da unidade.","Telefone público pode ser da matriz — confirmar na ligação.",
ARA-093,"Vale do Paraná S/A — Álcool e Açúcar",05.938.884/0001-43,Suzanápolis,SP,100,Indústria,Inox,"Chapa / estruturas via contratadas — Provável — validar","Inox para processo","FATO: CNPJ ativo em Suzanápolis; usina citada em balanços regionais Unica/CFA.",Alto,Alto,"Usina de açúcar e etanol",Álcool/açúcar,"Operação contínua — validar","Não identificado","(18) 3706-9010","Não identificado","Não identificado","Não identificado","Rodovia SP-595, Km 84 + 800 m — Zona Rural — Suzanápolis/SP — CEP 15380-000","maiscnpj.com.br CNPJ 05.938.884/0001-43; Unica regional",08/09/2026,,"Sem retorno",,,"Sem cadastro",,Qualificado,"Rota Andradina–Suzanápolis–Ilha Solteira","Manutenção industrial","Usina a ~100 km no extremo noroeste","Indireta via caldeirarias da região Andradina.","Pouco digital — qualificar porte na primeira ligação.",
ARA-094,"Aralco S.A. — Unidade Santo Antônio do Aracanguá","Não identificado","Santo Antônio do Aracanguá",SP,40,Indústria,"Carbono; Inox","Chapa / estruturas via contratadas — Provável — validar","Inox para processo","FATO: site aralco.com.br — unidade Aralco (primeira do grupo); moagem ~2,2 mi t/ano; CFA 2025.",Alto,Alto,"Usina de açúcar e etanol","Etanol (~500 mil L/dia) e açúcar (~550 t/dia)","Operação contínua — validar","Não identificado","(18) 3637-9200","Não identificado",contato@aralco.com.br,https://www.aralco.com.br/,"Rodovia SPV-061, Km 45 + 600 m — Bairro Generoso — Santo Antônio do Aracanguá/SP — CEP 16130-000","aralco.com.br/unidades; SMA/SP CFA maio/2025",08/09/2026,,"Sem retorno",,,"Sem cadastro",,Qualificado,"E-mail contato@aralco.com.br — cadastro fornecedor / mapear manutenção","Manutenção industrial (inox)","Usina Aralco a ~40 km","Canal único do grupo Aralco para as 4 unidades.","Prédio administrativo do grupo nesta unidade.",
ARA-095,"Destilaria Generalco S/A (Grupo Aralco)",44.845.915/0001-73,"General Salgado",SP,80,Indústria,Inox,"Chapa / estruturas via contratadas — Provável — validar","Inox para processo","FATO: site aralco.com.br — Destilaria Generalco 100% etanol; CNPJ próprio; CFA 2025.",Alto,Alto,"Destilaria de etanol","Etanol (~600 mil L/dia)","Operação contínua — validar","Não identificado","(18) 3175-0747","Não identificado",contato@aralco.com.br,https://www.aralco.com.br/,"Estrada da Serrinha, Km 8 — General Salgado/SP — CEP 15300-000","aralco.com.br/unidades; SMA/SP CFA maio/2025",08/09/2026,,"Sem retorno",,,"Sem cadastro",,Qualificado,"Incluir no pacote Aralco com Alcoazul/Aracanguá","Manutenção de destilaria (inox em processo)","Destilaria Aralco a ~80 km","Mesmo canal Aralco.","Unidade só etanol — processo com demanda típica de inox.",
ARA-096,"Nova Aralco / Figueira — Unidade Buritama",08.391.345/0001-25,Buritama,SP,55,Indústria,Inox,"Chapa / estruturas via contratadas — Provável — validar","Inox para processo","FATO: site aralco.com.br — Unidade Figueira em Buritama; açúcar ~550 t/dia; CFA 2025 como Nova Aralco Unidade Figueira.",Alto,Alto,"Usina / agroindústria (açúcar)","Açúcar (~550 t/dia); atividade agrícola do grupo","Operação contínua — validar","Não identificado","(18) 3175-0748","Não identificado",contato@aralco.com.br,https://www.aralco.com.br/,"Estrada da Pedreira, S/N — Km 45 + 382 m da Rod. Roberto Rollemberg — Zona Rural — Buritama/SP — CEP 15290-000","aralco.com.br/unidades; SMA/SP CFA maio/2025",08/09/2026,,"Sem retorno",,,"Sem cadastro",,Qualificado,"Incluir no pacote Aralco","Manutenção industrial","Unidade Aralco a ~55 km","Mesmo canal Aralco.","Não confundir com Alcoazul (Araçatuba) — mesma razão Figueira, CNPJ diferente.",
ARA-097,Alcoeste,"Não identificado",Fernandópolis,SP,155,Indústria,"Carbono; Inox","Chapa / estruturas via contratadas — Provável — validar","Inox para processo","FATO: site alcoeste.com.br — usina Grupo Arakaki; +40 anos; UDOP/CFA Fernandópolis.",Alto,Alto,"Usina de açúcar e etanol","Etanol, açúcar, energia","Operação contínua — validar","Não identificado","(17) 3465-9100 / (17) 3465-9108","Não identificado","Não identificado",https://alcoeste.com.br/,"Rodovia Euclides da Cunha, Km 562 — Fazenda Santa Alice — Fernandópolis/SP — CEP 15613-899","alcoeste.com.br/contato; udop.com.br Alcoeste",08/09/2026,,"Sem retorno",,,"Sem cadastro",,Qualificado,"Formulário site (área Indústria/Suprimentos) + rota Fernandópolis com Deaço","Manutenção industrial (inox)","Usina a ~155 km no eixo Fernandópolis","Formulário com área Suprimentos/Indústria; indireta via caldeirarias.","Site permite contato direto com Suprimentos.",
ARA-098,"Usina São Domingos — Açúcar e Etanol","Não identificado",Catanduva,SP,130,Indústria,Inox,"Chapa / estruturas via contratadas — Provável — validar","Inox para processo","FATO: site usd.ind.br — usina em Catanduva desde 1952; telefone e e-mail públicos.",Alto,Alto,"Usina de açúcar e etanol",Açúcar/etanol/bioenergia,"Operação contínua — validar","Não identificado","(17) 3531-4136 / (17) 3531-4108","Não identificado",contato@usd.ind.br,https://www.usd.ind.br/,"Rodovia Vicente Sanchez, Km 7 — Catanduva/SP — CEP 15804-970","usd.ind.br; biocana.com.br associadas",08/09/2026,,"Sem retorno",,,"Sem cadastro",,Qualificado,"E-mail contato@usd.ind.br; rota Catanduva com MEBRAS","Manutenção industrial","Usina histórica em Catanduva (~130 km)","E-mail + indireta via caldeirarias Catanduva.","Primeira usina da região de Catanduva (1952).",
ARA-099,"Usina São José da Estiva","Não identificado","Novo Horizonte",SP,145,Indústria,Inox,"Chapa / estruturas via contratadas — Provável — validar","Inox para processo","FATO: listagens Biocana/associadas — Usina São José da Estiva em Novo Horizonte com telefone público.",Alto,Alto,"Usina de açúcar e etanol",Açúcar/etanol,"Operação contínua — validar","Não identificado","(17) 3542-9500 / (17) 3543-9110","Não identificado","estiva@estiva.com.br / usina.estiva@estiva.com.br","Não identificado","Fazenda Três Pontes — Novo Horizonte/SP — CEP 14960-000","biocana.com.br associadas; listagens históricas Unica",08/09/2026,,"Sem retorno",,,"Sem cadastro",,Qualificado,"E-mail estiva@estiva.com.br; rota Novo Horizonte","Manutenção industrial","Usina em Novo Horizonte (~145 km)","E-mail + indireta via caldeirarias.","Há também Usina Santa Isabel na mesma cidade — validar se complementar.",
ARA-100,"Usina Alto Alegre — Unidade Floresta","Não identificado","Presidente Prudente",SP,145,Indústria,"Carbono; Inox","Chapa / estruturas via contratadas — Provável — validar","Inox para processo","FATO: site altoalegre.com.br — Unidade Floresta (Ameliópolis/Prudente); ~1,8 mi t cana; ISO 9001; CFA lista Alto Alegre em Presidente Prudente.",Alto,Alto,"Usina de açúcar e etanol","Açúcar cristal/VHP/demerara, etanol, energia","Operação contínua — validar","Não identificado","(18) 3229-3000 / (18) 2104-3000","Não identificado",falecom@altoalegre.com.br,https://www.altoalegre.com.br/,"Fazenda Alta Floresta — Distrito de Ameliópolis — Presidente Prudente/SP — CEP 19140-970","altoalegre.com.br/unidades/unidade-floresta; SMA/SP CFA",08/09/2026,,"Sem retorno",,,"Sem cadastro",,Qualificado,"E-mail falecom@altoalegre.com.br; rota Prudente com Metalúrgica São José","Manutenção industrial (inox)","Grande usina no polo Prudente (~145 km)","Indireta via caldeirarias Prudente; e-mail institucional.","Escritório central também em Prudente (18) 3229-2955.",
ARA-101,"Pré-Moldados Panorama",55.296.545/0001-89,Panorama,SP,200,Pré-moldados,"Ferro para construção","CA-50 / vergalhão (armadura para pré-moldados e protendido)","Treliças; Telas; Arame; Aços para protensão — Provável — validar","FATO: fábrica de estruturas pré-moldadas de concreto armado/protendido desde ~1979; parque industrial ~67.000 m²; atende obras industriais/comerciais/agro em todo o país a partir de Panorama/SP (borda do raio 200 km).",Alto,Alto,"Fabricação de pré-moldados de concreto armado e protendido","Galpões, pilares, vigas e estruturas pré-moldadas",N/A,"Não identificado","(18) 3871-3000","Não identificado",contato@premoldadospanorama.com.br,https://www.premoldadospanorama.com.br/,"Rod. SP-294 (Cmte. João Ribeiro de Barros), Km 684 — Panorama/SP — CEP 17980-000","premoldadospanorama.com.br; quemfornece; econodata CNPJ 55.296.545/0001-89",22/09/2026,,"Sem retorno",,,"Sem cadastro",,Qualificado,"Ligar comercial: volume mensal de CA-50/protendido e fornecedor atual","Vergalhão e aço para armadura/protensão em série de fábrica","Grande fábrica de pré-moldados na borda do raio (~200 km) — consumo contínuo de armadura","Oferta CA-50/60 + logística Panorama. Perguntar se compram direto de usina ou via CD/distribuidor.","Alta prioridade do eixo pré-moldados. Validar se protensão usa cordoalha própria ou compra terceira.",
ARA-102,"Protendit — Pré-fabricados e Fundações (unidade SJRP)","61.196.390/0002-92 (filial SJRP)","São José do Rio Preto",SP,135,Pré-moldados,"Ferro para construção","CA-50 / aço para pré-fabricados e estacas","Lajes; Vigas; Pilares; Estacas pré-fabricadas","FATO: referência nacional em pré-fabricados e estacas desde 1958; fábrica em SJRP (Rua José Guidi) com capacidade publicada na ordem de milhares de m³/mês; também executa fundações.",Alto,Alto,"Pré-fabricados de concreto + fundações (estacas)","Estacas, vigas, lajes, painéis, pilares, coberturas pré-fabricadas",N/A,"Não identificado","(17) 3214-7200 / (17) 3600-0505","Não identificado",sjp@protendit.com.br,https://protendit.com.br/,"Rua José Guidi, 341 — Distrito Industrial — São José do Rio Preto/SP — CEP 15035-500","protendit.com.br/contato; mestregeo CNPJ filial; LinkedIn Protendit",22/09/2026,,"Sem retorno",,,"Sem cadastro",,Qualificado,"E-mail/ligar sjp@: mapear compra de vergalhão vs aço de protensão; volume mensal","Aço para pré-fabricados e estacas em escala industrial","Maior player de pré-fabricado/estacas no polo SJRP (~135 km)","Abordar compras da fábrica SJRP (não só canteiro). Oferta CA-50 + bitolas de estaca.","⭐ MULTIOPORTUNIDADE (pré-moldados + fundações). Matriz/comercial SP também existe — priorizar unidade SJRP.",
ARA-103,"Concrerio Pré-Moldados de Concreto",51.836.427/0001-65,"São José do Rio Preto",SP,135,Pré-moldados,"Ferro para construção","CA-50 / armadura para pré-moldados — Provável — validar","Treliças; Telas — Provável — validar","FATO: CNPJ ativo desde 1979; CNAE fabricação de estruturas pré-moldadas de concreto armado; sede no Distrito Industrial de SJRP (mesmo eixo da Protendit).",Médio,Médio,"Fabricação de pré-moldados de concreto armado","Estruturas pré-moldadas de concreto armado (série/encomenda)",N/A,"Não identificado","Não identificado","Não identificado","Não identificado","Não identificado","Rua José Guidi, s/n — Distrito Industrial — São José do Rio Preto/SP — CEP 15035-500","guiapj CNPJ 51.836.427/0001-65; diariocidade filial 0002-46",22/09/2026,,"Sem retorno",,,"Sem cadastro",,Qualificado,"Visita/Maps DI SJRP: localizar telefone e porte; validar se ainda opera em escala","Armadura para linha de pré-moldados","Pré-moldados históricos no DI de SJRP — completar cluster com Protendit","Qualificar volume antes de cotação. Se ME/baixa produção, baixar potencial.","Telefone público não localizado na pesquisa — priorizar visita presencial no DI.",
ARA-104,"Lajes Bandeirantes Araçatuba Artefatos de Concretos","Não identificado",Araçatuba,SP,0,"Artefatos de concreto","Ferro para construção","CA-50 / treliças para lajes — Provável — validar","Telas; Arame — Provável — validar","FATO: listada em Araçatuba como lajes/artefatos de concreto e pré-moldados; telefone público local.",Médio,Médio,"Fabricação/comércio de lajes e artefatos de concreto","Lajes e artefatos de concreto",N/A,"Não identificado","(18) 3621-6864","Não identificado","Não identificado","Não identificado","Rua Gonçalves Ledo, 750 — São Joaquim — Araçatuba/SP — CEP 16050-300","solutudo Lajes Bandeirantes Araçatuba; planetabrasileiro",22/09/2026,,"Sem retorno",,,"Sem cadastro",,Qualificado,"Ligar: confirmar se fabrica laje treliçada e volume de aço/mês","Vergalhão/treliça para lajes","Artefato local em Araçatuba — rota fácil e consumo de armadura de laje","Oferta treliças H8/H12 + CA-50. Validar se é fábrica ou só revenda/montagem.","Qualificar porte: se só monta laje com aço de terceiros, comprador pode ser outro.",
ARA-105,"Rondon Cochos Araçatuba","Não identificado",Araçatuba,SP,0,"Artefatos de concreto","Ferro para construção","CA-50 / ferragem para cochos e pré-moldados agro — Provável — validar","Arame; Estribos — Provável — validar","FATO: fabricante local de artefatos de cimento/pré-moldados para agropecuária (cochos, pilares, mourões, tubos, aduelas); site/listagem cita ferragem estrivada no concreto ~30 MPa.",Médio,Médio,"Pré-moldados/artefatos de concreto para agropecuária","Cochos, bebedouros, pilares, mourões, tubos e aduelas",N/A,"Não identificado","(18) 99748-7213 / (18) 99713-7881","(18) 99748-7213",rondoncochos@hotmail.com,"Não identificado","Av. José Ferreira Batista, 3335 — Ipanema — Araçatuba/SP — CEP 16052-000","solutudo Rondon Cochos Araçatuba",22/09/2026,,"Sem retorno",,,"Sem cadastro",,Qualificado,"WhatsApp: volume de ferragem/mês e bitolas usadas nos cochos/pilares","Ferragem para linha agro de pré-moldados","Artefato agro local com armadura explícita no produto","Oferta CA-50/estribos em volumes de série. Ticket médio — validar recorrência.","Porte menor que Panorama/Protendit; útil na rota Araçatuba.",
ARA-106,"Profund — Engenharia e Fundações Especiais","Não identificado","São José do Rio Preto",SP,135,Fundações,"Ferro para construção","CA-50 / armadura para estacas e paredes diafragma — Provável — validar","Treliças; Barras — Provável — validar","FATO: empresa de SJRP (desde 2006) especializada em fundações especiais (hélice contínua, escavadas, raiz, diafragma) e locação de perfuratrizes — consumo típico de armadura por obra.",Alto,Alto,"Execução de fundações especiais","Estacas hélice/escavadas/raiz, paredes diafragma, provas de carga",N/A,"Não identificado","(17) 98193-1884","(17) 98193-1884",comercial@profundfundacoes.com.br,https://profundfundacoes.com.br/,"Rua Ipiranga, 4137 — Sala 04 — Santos Dumont — São José do Rio Preto/SP — CEP 15020-040",profundfundacoes.com.br,22/09/2026,,"Sem retorno",,,"Sem cadastro",,Qualificado,"WhatsApp comercial: quem fornece a armadura das estacas; volume médio/obra","Armadura para fundações profundas por obra","Fundações especiais em SJRP — comprador recorrente por canteiro","Mapear se arma no pátio próprio ou compra kit pronto de CD. Oferta CA-50 + logística de obra.","Consumo por obra (não fábrica contínua). Cruzar com pipeline TARRAF/Pacaembu na região.",
ARA-107,"Master Bauru Engenharia e Fundações","Não identificado",Bauru,SP,190,Fundações,"Ferro para construção","CA-50 / armadura para estacas e tubulões — Provável — validar","Barras; Estribos — Provável — validar","FATO: +30 anos em fundações (hélice contínua, escavadas, tubulões); sede Bauru; atende residencial/comercial/industrial e infraestrutura.",Alto,Alto,"Execução de fundações","Tubulões, estacas escavadas e hélice contínua monitorada",N/A,"Não identificado","(14) 3203-5163","(14) 99778-7651",contato@masterbauru.com.br,https://www.masterbauru.com.br/,"Rua Dimas Simonetti, 2-59 — Lot. Mário Luiz Rodrigues do Prado — Bauru/SP — CEP 17023-875",masterbauru.com.br,22/09/2026,,"Sem retorno",,,"Sem cadastro",,Qualificado,"WhatsApp/e-mail: volume de armadura por obra e fornecedor atual","Armadura para fundações","Fundações de porte em Bauru (~190 km) — borda do raio com contato público","Oferta CA-50 para kits de estaca. Avaliar frete vs fornecedor local de Bauru.","Agrupar rota Bauru com CPA (já na base).",
ARA-108,"COPEL Construções — Tubos Copel",00.623.468/0001-32,Araçatuba,SP,0,Infraestrutura,"Ferro para construção","CA-50 / armadura para tubos, aduelas e pré-moldados de drenagem","Telas; Arame — Provável — validar","FATO: indústria local (+50 anos) de pré-moldados para drenagem/saneamento (tubos, aduelas, ovóides, reservatórios) e construtora de obras de arte de infraestrutura; concreto usinado próprio.",Alto,Alto,"Fabricação de artefatos/pré-moldados + obras de infraestrutura","Tubos, aduelas, ovóides, reservatórios de detenção; galerias, pontes, canais","Obras de drenagem/infraestrutura em SP e estados vizinhos — validar pipeline","Não identificado","(18) 3636-7200","Não identificado",vendas@tuboscopel.com.br,https://tuboscopel.com.br/,"Rod. Marechal Rondon, Km 540 — Araçatuba/SP — CEP 16027-231","tuboscopel.com.br; guiapj CNPJ 00.623.468/0001-32",22/09/2026,,"Sem retorno",,,"Sem cadastro",,Qualificado,"Ligar vendas@: volume mensal de armadura na fábrica + se compram para obras próprias","Armadura contínua para linha de tubos/aduelas e obras","Âncora local de infraestrutura/pré-moldado de drenagem em Araçatuba","Abrir pela fábrica (consumo recorrente). Depois mapear aço das obras de arte.","⭐ MULTIOPORTUNIDADE (fábrica + infraestrutura). Não confundir com a utility Copel/PR.",
ARA-109,"Mardel Industrial","Não identificado","Presidente Prudente",SP,145,"Silos e estruturas agro",Carbono,"Chapa aço carbono; Bobina","Tubos; Perfis; Chapas para tanques/reservatórios","FATO: desde 1978 em Prudente; fabrica silos metálicos, estruturas, reservatórios/tanques, corte/dobra/calandragem de chapas e montagem industrial.",Alto,Alto,"Fabricação de silos, estruturas e reservatórios metálicos + caldeiraria","Silos de grãos, estruturas metálicas, tanques/reservatórios, peças calandradas",N/A,"Não identificado","(18) 3222-7621 / (18) 3222-7221","(18) 98116-6648","adrianomardel@hotmail.com / markinmardel@hotmail.com",https://mardelindustrial.com.br/,"Av. José Moisés Ferreira, 705 — Presidente Prudente/SP — CEP 19043-120","mardelindustrial.com.br (silos/contato/sobre)",22/09/2026,,"Sem retorno",,,"Sem cadastro",,Qualificado,"Ligar/WhatsApp Adriano: espessuras de chapa para silos/tanques e volume mensal","Chapas/bobinas para silos, tanques e estruturas agroindustriais","Fabricante agro/metalúrgico consolidado no polo Prudente (~145 km)","Oferta chapa carbono para silo/tanque; perguntar mix galvanizado vs preto.","⭐ MULTIOPORTUNIDADE (silos + tanques + estruturas). Rota Prudente com usinas/caldeirarias já na base.",
ARA-110,"Metalúrgica Canaã — Reservatórios","Não identificado",Araçatuba,SP,0,"Tanques e vasos",Carbono,"Chapa aço carbono (reservatórios metálicos)","Bobina; Perfurações/acessórios — Provável — validar","FATO: fabricante local (+20 anos) de reservatórios metálicos em Araçatuba; endereço e WhatsApp públicos no site.",Médio,Médio,"Fabricação de reservatórios metálicos","Reservatórios metálicos (água e afins)",N/A,"Não identificado","(18) 99825-9292","(18) 99825-9292",reservatorioscanaa@gmail.com,https://metalurgicacanaa.com.br/,"Rod. Marechal Rondon, Km 534 — Guanabara — Araçatuba/SP — CEP 16026-005",metalurgicacanaa.com.br,22/09/2026,,"Sem retorno",,,"Sem cadastro",,Qualificado,"WhatsApp: espessuras e volume mensal de chapa; fornecedor atual","Chapa carbono para reservatórios","Tanques/reservatórios fabricados em Araçatuba — compra local de chapa","Oferta chapa carbono sob medida. Validar se atende também combustível/industrial.","Porte médio. Complementar a Passador (caldeiraria pesada Andradina).",
ARA-111,"Mundial Reservatórios Metálicos",33.706.963/0001-64,Birigui,SP,20,"Tanques e vasos",Carbono,"Chapa aço carbono (tanques e reservatórios)","Não identificado","FATO: CNPJ ativo em Birigui com CNAE fabricação de tanques/reservatórios metálicos; telefone público em bases cadastrais.",Médio,Médio,"Fabricação de tanques e reservatórios metálicos","Tanques e reservatórios metálicos",N/A,"Não identificado","(18) 3641-1868","Não identificado","Não identificado","Não identificado","Rua Manoel Segundo Celice — Residencial Prado — Birigui/SP — CEP 16201-263","guiadocnpj Mundial Reservatórios Metálicos Birigui CNPJ 33.706.963/0001-64",22/09/2026,,"Sem retorno",,,"Sem cadastro",,Qualificado,"Ligar: confirmar operação ativa, espessuras e volume de chapa","Chapa para tanques/reservatórios","Fabricante de tanques a 20 km — rota Birigui","Qualificar porte e mix (água vs combustível). Oferta chapa carbono.","Validar se ainda produz em escala (EIRELI). Agrupar visita com Serv Aço/Saita.",
ARA-112,Metalpama,46.151.478/0001-13,Birigui,SP,20,Metalúrgica,Carbono,"Chapa / tubo / perfis — Provável — validar","Não identificado","Indicação Paulo. Empresa em Birigui/SP. Classificação inicial Metalúrgica / Carbono por nome/setor — validar no contato.",Médio,Médio,"Não identificado — validar","Não identificado — validar",N/A,Valnei,"Não identificado","Não identificado","Não identificado","Não identificado",Birigui/SP,"Indicação Paulo (xlsx) — 22/09/2026",22/09/2026,,"Sem retorno",,,"Sem compra",,Qualificado,"Qualificar porte, comprador e volume; validar linha de aço.","Validar se compra aço e quais bitolas/produtos","Indicação Paulo — Birigui","Abrir pelo contato indicado (se houver); senão telefone/CNPJ público.","Importado do xlsx Paulo. Campos de produto/consumo inferidos com cautela — validar.",Paulo
ARA-113,ITB,46.151.130/0001-26,Birigui,SP,20,Metalúrgica,Carbono,"Chapa / tubo / perfis — Provável — validar","Não identificado","Indicação Paulo. Empresa em Birigui/SP. Classificação inicial Metalúrgica / Carbono por nome/setor — validar no contato.",Médio,Médio,"Não identificado — validar","Não identificado — validar",N/A,"Não identificado","Não identificado","Não identificado","Não identificado","Não identificado",Birigui/SP,"Indicação Paulo (xlsx) — 22/09/2026",22/09/2026,,"Sem retorno",,,"Sem cadastro",,Qualificado,"Qualificar porte, comprador e volume; validar linha de aço.","Validar se compra aço e quais bitolas/produtos","Indicação Paulo — Birigui","Abrir pelo contato indicado (se houver); senão telefone/CNPJ público.","Importado do xlsx Paulo. Campos de produto/consumo inferidos com cautela — validar.",Paulo
ARA-114,Açomix,21.969.045/0001-49,Birigui,SP,20,Revenda,"Ferro para construção; Carbono","CA-50 / vergalhão — Provável — validar","Não identificado","Indicação Paulo. Empresa em Birigui/SP. Classificação inicial Revenda / Ferro para construção; Carbono por nome/setor — validar no contato.",Médio,Médio,"Não identificado — validar","Não identificado — validar",N/A,Toninho,"Não identificado","Não identificado","Não identificado","Não identificado",Birigui/SP,"Indicação Paulo (xlsx) — 22/09/2026",22/09/2026,,"Sem retorno",,,Inativo,Hugo,Qualificado,"Qualificar porte, comprador e volume; validar linha de aço.","Validar se compra aço e quais bitolas/produtos","Indicação Paulo — Birigui","Abrir pelo contato indicado (se houver); senão telefone/CNPJ público.","Importado do xlsx Paulo. Campos de produto/consumo inferidos com cautela — validar.",Paulo
ARA-115,Garcia,13.704.423/0001-34,Andradina,SP,100,Metalúrgica,Carbono,"Chapa / tubo / perfis — Provável — validar","Não identificado","Indicação Paulo. Empresa em Andradina/SP. Classificação inicial Metalúrgica / Carbono por nome/setor — validar no contato.",Médio,Médio,"Não identificado — validar","Não identificado — validar",N/A,"Não identificado","Não identificado","Não identificado","Não identificado","Não identificado",Andradina/SP,"Indicação Paulo (xlsx) — 22/09/2026",22/09/2026,,"Sem retorno",,,Inativo,"Sem informação",Qualificado,"Qualificar porte, comprador e volume; validar linha de aço.","Validar se compra aço e quais bitolas/produtos","Indicação Paulo — Andradina","Abrir pelo contato indicado (se houver); senão telefone/CNPJ público.","Importado do xlsx Paulo. Campos de produto/consumo inferidos com cautela — validar.",Paulo
ARA-116,Carderoli,64.175.631/0001-24,Coroados,SP,55,Metalúrgica,Carbono,"Chapa / tubo / perfis — Provável — validar","Não identificado","Indicação Paulo. Empresa em Coroados/SP. Classificação inicial Metalúrgica / Carbono por nome/setor — validar no contato.",Médio,Médio,"Não identificado — validar","Não identificado — validar",N/A,"Não identificado","Não identificado","Não identificado","Não identificado","Não identificado",Coroados/SP,"Indicação Paulo (xlsx) — 22/09/2026",22/09/2026,,"Sem retorno",,,"Sem cadastro",,Qualificado,"Qualificar porte, comprador e volume; validar linha de aço.","Validar se compra aço e quais bitolas/produtos","Indicação Paulo — Coroados","Abrir pelo contato indicado (se houver); senão telefone/CNPJ público.","Importado do xlsx Paulo. Campos de produto/consumo inferidos com cautela — validar.",Paulo
ARA-117,"F & L Cortes",51.342.016/0001-13,Araçatuba,SP,0,Metalúrgica,Carbono,"Chapa / tubo / perfis — Provável — validar","Não identificado","Indicação Paulo. Empresa em Araçatuba/SP. Classificação inicial Metalúrgica / Carbono por nome/setor — validar no contato.",Médio,Médio,"Não identificado — validar","Não identificado — validar",N/A,"Não identificado","Não identificado","Não identificado","Não identificado","Não identificado",Araçatuba/SP,"Indicação Paulo (xlsx) — 22/09/2026",22/09/2026,,"Sem retorno",,,"Sem cadastro",,Qualificado,"Qualificar porte, comprador e volume; validar linha de aço.","Validar se compra aço e quais bitolas/produtos","Indicação Paulo — Araçatuba","Abrir pelo contato indicado (se houver); senão telefone/CNPJ público.","Importado do xlsx Paulo. Campos de produto/consumo inferidos com cautela — validar.",Paulo
ARA-118,"Laticínio Vale do Pardo",02.749.513/0001-25,Bataguassu,MS,200,Indústria,Inox,"Chapa inox / tubulação — Provável — validar","Não identificado","Indicação Paulo. Empresa em Bataguassu/MS. Classificação inicial Indústria / Inox por nome/setor — validar no contato.",Alto,Médio,"Não identificado — validar","Não identificado — validar",N/A,"Não identificado","Não identificado","Não identificado","Não identificado","Não identificado",Bataguassu/MS,"Indicação Paulo (xlsx) — 22/09/2026",22/09/2026,,"Sem retorno",,,"Sem cadastro",,Qualificado,"Qualificar porte, comprador e volume; validar linha de aço.","Validar se compra aço e quais bitolas/produtos","Indicação Paulo — Bataguassu","Abrir pelo contato indicado (se houver); senão telefone/CNPJ público.","Importado do xlsx Paulo. Campos de produto/consumo inferidos com cautela — validar.",Paulo
ARA-119,JVN,22.354.167/0001-93,"Três Lagoas",MS,165,Metalúrgica,Carbono,"Chapa / tubo / perfis — Provável — validar","Não identificado","Indicação Paulo. Empresa em Três Lagoas/MS. Classificação inicial Metalúrgica / Carbono por nome/setor — validar no contato.",Médio,Médio,"Não identificado — validar","Não identificado — validar",N/A,"Não identificado","Não identificado","Não identificado","Não identificado","Não identificado","Três Lagoas/MS","Indicação Paulo (xlsx) — 22/09/2026",22/09/2026,,"Sem retorno",,,Inativo,"Paulo Lettiere",Qualificado,"Qualificar porte, comprador e volume; validar linha de aço.","Validar se compra aço e quais bitolas/produtos","Indicação Paulo — Três Lagoas","Abrir pelo contato indicado (se houver); senão telefone/CNPJ público.","Importado do xlsx Paulo. Campos de produto/consumo inferidos com cautela — validar.",Paulo
ARA-120,GeneSeas,04.459.073/0001-05,"Aparecida do Taboado",MS,180,Indústria,Inox,"Chapa inox / tubulação — Provável — validar","Não identificado","Indicação Paulo. Empresa em Aparecida do Taboado/MS. Classificação inicial Indústria / Inox por nome/setor — validar no contato.",Alto,Médio,"Não identificado — validar","Não identificado — validar",N/A,"Não identificado","Não identificado","Não identificado","Não identificado","Não identificado","Aparecida do Taboado/MS","Indicação Paulo (xlsx) — 22/09/2026",22/09/2026,,"Sem retorno",,,"Sem cadastro",,Qualificado,"Qualificar porte, comprador e volume; validar linha de aço.","Validar se compra aço e quais bitolas/produtos","Indicação Paulo — Aparecida do Taboado","Abrir pelo contato indicado (se houver); senão telefone/CNPJ público.","Importado do xlsx Paulo. Campos de produto/consumo inferidos com cautela — validar.",Paulo
ARA-121,Veanholi,"Não identificado",Guararapes,SP,55,Metalúrgica,Carbono,"Chapa / tubo / perfis — Provável — validar","Não identificado","Indicação Paulo. Empresa em Guararapes/SP. Classificação inicial Metalúrgica / Carbono por nome/setor — validar no contato.",Médio,Médio,"Não identificado — validar","Não identificado — validar",N/A,"Não identificado","Não identificado","Não identificado","Não identificado","Não identificado",Guararapes/SP,"Indicação Paulo (xlsx) — 22/09/2026",22/09/2026,,"Sem retorno",,,Inativo,,Qualificado,"Qualificar porte, comprador e volume; validar linha de aço.","Validar se compra aço e quais bitolas/produtos","Indicação Paulo — Guararapes","Abrir pelo contato indicado (se houver); senão telefone/CNPJ público.","Importado do xlsx Paulo. Campos de produto/consumo inferidos com cautela — validar.",Paulo
ARA-122,"Sanches e Aquino",10.909.325/0001-45,Pauliceia,SP,130,Metalúrgica,Carbono,"Chapa / tubo / perfis — Provável — validar","Não identificado","Indicação Paulo. Empresa em Pauliceia/SP. Classificação inicial Metalúrgica / Carbono por nome/setor — validar no contato.",Médio,Médio,"Não identificado — validar","Não identificado — validar",N/A,"Não identificado","Não identificado","Não identificado","Não identificado","Não identificado",Pauliceia/SP,"Indicação Paulo (xlsx) — 22/09/2026",22/09/2026,,"Sem retorno",,,"Sem compra",,Qualificado,"Qualificar porte, comprador e volume; validar linha de aço.","Validar se compra aço e quais bitolas/produtos","Indicação Paulo — Pauliceia","Abrir pelo contato indicado (se houver); senão telefone/CNPJ público.","Importado do xlsx Paulo. Campos de produto/consumo inferidos com cautela — validar.",Paulo
ARA-123,Irbi,05.317.917/0001-38,Araçatuba,SP,0,Indústria,"Carbono; Inox","Chapa inox / tubulação — Provável — validar","Não identificado","Indicação Paulo. Empresa em Araçatuba/SP. Classificação inicial Indústria / Carbono; Inox por nome/setor — validar no contato.",Médio,Médio,"Não identificado — validar","Não identificado — validar",N/A,"Não identificado","Não identificado","Não identificado","Não identificado","Não identificado",Araçatuba/SP,"Indicação Paulo (xlsx) — 22/09/2026",22/09/2026,,"Sem retorno",,,"Sem compra",,Qualificado,"Qualificar porte, comprador e volume; validar linha de aço.","Validar se compra aço e quais bitolas/produtos","Indicação Paulo — Araçatuba","Abrir pelo contato indicado (se houver); senão telefone/CNPJ público.","Importado do xlsx Paulo. Campos de produto/consumo inferidos com cautela — validar.",Paulo
ARA-124,Momesso,48.712.319/0001-76,Birigui,SP,20,Metalúrgica,Carbono,"Chapa / tubo / perfis — Provável — validar","Não identificado","Indicação Paulo. Empresa em Birigui/SP. Classificação inicial Metalúrgica / Carbono por nome/setor — validar no contato.",Médio,Médio,"Não identificado — validar","Não identificado — validar",N/A,"Não identificado","Não identificado","Não identificado","Não identificado","Não identificado",Birigui/SP,"Indicação Paulo (xlsx) — 22/09/2026",22/09/2026,,"Sem retorno",,,"Sem cadastro",,Qualificado,"Qualificar porte, comprador e volume; validar linha de aço.","Validar se compra aço e quais bitolas/produtos","Indicação Paulo — Birigui","Abrir pelo contato indicado (se houver); senão telefone/CNPJ público.","Importado do xlsx Paulo. Campos de produto/consumo inferidos com cautela — validar.",Paulo
ARA-125,"Usina Caeté",12.282.034/0017-62,Pauliceia,SP,130,Indústria,"Carbono; Inox","Chapa inox / tubulação — Provável — validar","Não identificado","Indicação Paulo. Empresa em Pauliceia/SP. Classificação inicial Indústria / Carbono; Inox por nome/setor — validar no contato.",Alto,Médio,"Não identificado — validar","Não identificado — validar",N/A,"Não identificado","Não identificado","Não identificado","Não identificado","Não identificado",Pauliceia/SP,"Indicação Paulo (xlsx) — 22/09/2026",22/09/2026,,"Sem retorno",,,"Sem cadastro",,Qualificado,"Qualificar porte, comprador e volume; validar linha de aço.","Validar se compra aço e quais bitolas/produtos","Indicação Paulo — Pauliceia","Abrir pelo contato indicado (se houver); senão telefone/CNPJ público.","Importado do xlsx Paulo. Campos de produto/consumo inferidos com cautela — validar.",Paulo
ARA-126,TESTE,,,SP,,Construtora,"Ferro para construção",,,,Médio,Médio,,,,,,,,,,"Inclusão manual",23/09/2026,,"Sem retorno",,,"Sem cadastro",,Qualificado,,,,,,
ARA-127,Nome,,,SP,,Construtora,"Ferro para construção",,,,Médio,Médio,,,,,,,,,,"Inclusão manual",23/09/2026,,"Sem retorno",,,"Sem cadastro",,Qualificado,,,,,,
